galaxy_id,r_kpc,v_obs_kms,v_err_kms,v_bar_kms,v_nfw_halo_kms,v_burkert_halo_kms,v_model_nfw_kms,v_model_burkert_kms,residual_baryonic_kms,residual_nfw_kms,residual_burkert_kms,fit_mask,source_id,data_quality_flag,notes
M33,0.24,37.3,6.2,16.50178681841877,22.962427777029117,87.30589043305953,28.27688203490296,88.85171620464027,20.79821318158123,9.023117965097036,-51.55171620464027,False,corbelli_et_al_2014,derived_baryonic_velocity_pass_with_caveat,Observed rotation from Corbelli et al. 2014 Table 1. Baryonic velocity components derived from Table 1 surface densities using Phase 1D-D1 axisymmetric disk-gravity calculation. Fig. 12 corrected sanity check status: PASS_WITH_CAVEAT; stellar disk offset ~7-10 km/s at some spot-check radii. Fig. 12 digitization is not used as canonical data. Bulge set to zero following Corbelli et al. 2014 no-separate-bulge treatment.
M33,0.28,37.9,5.5,26.9073094214312,24.753092813098508,87.30152210664731,36.56116661314993,91.3540314514804,10.992690578568798,1.3388333868500695,-53.4540314514804,False,corbelli_et_al_2014,derived_baryonic_velocity_pass_with_caveat,Observed rotation from Corbelli et al. 2014 Table 1. Baryonic velocity components derived from Table 1 surface densities using Phase 1D-D1 axisymmetric disk-gravity calculation. Fig. 12 corrected sanity check status: PASS_WITH_CAVEAT; stellar disk offset ~7-10 km/s at some spot-check radii. Fig. 12 digitization is not used as canonical data. Bulge set to zero following Corbelli et al. 2014 no-separate-bulge treatment.
M33,0.46,47.1,3.9,36.3904007428605,31.447083223298492,87.28186193240953,48.095533155159465,94.56418290565504,10.709599257139502,-0.995533155159464,-47.46418290565504,True,corbelli_et_al_2014,derived_baryonic_velocity_pass_with_caveat,Observed rotation from Corbelli et al. 2014 Table 1. Baryonic velocity components derived from Table 1 surface densities using Phase 1D-D1 axisymmetric disk-gravity calculation. Fig. 12 corrected sanity check status: PASS_WITH_CAVEAT; stellar disk offset ~7-10 km/s at some spot-check radii. Fig. 12 digitization is not used as canonical data. Bulge set to zero following Corbelli et al. 2014 no-separate-bulge treatment.
M33,0.64,53.5,2.8,38.18124282002334,36.769578672649985,87.26219732919384,53.00763359220803,95.24966344297889,15.318757179976657,0.4923664077919696,-41.749663442978886,True,corbelli_et_al_2014,derived_baryonic_velocity_pass_with_caveat,Observed rotation from Corbelli et al. 2014 Table 1. Baryonic velocity components derived from Table 1 surface densities using Phase 1D-D1 axisymmetric disk-gravity calculation. Fig. 12 corrected sanity check status: PASS_WITH_CAVEAT; stellar disk offset ~7-10 km/s at some spot-check radii. Fig. 12 digitization is not used as canonical data. Bulge set to zero following Corbelli et al. 2014 no-separate-bulge treatment.
M33,0.73,55.1,3.3,39.383780044757984,39.09990240127541,87.25236336590885,55.49670709513438,95.7290814932979,15.716219955242018,-0.3967070951343814,-40.629081493297896,True,corbelli_et_al_2014,derived_baryonic_velocity_pass_with_caveat,Observed rotation from Corbelli et al. 2014 Table 1. Baryonic velocity components derived from Table 1 surface densities using Phase 1D-D1 axisymmetric disk-gravity calculation. Fig. 12 corrected sanity check status: PASS_WITH_CAVEAT; stellar disk offset ~7-10 km/s at some spot-check radii. Fig. 12 digitization is not used as canonical data. Bulge set to zero following Corbelli et al. 2014 no-separate-bulge treatment.
M33,0.82,58.5,2.5,41.35599612580792,41.26177189350892,87.24252829442354,58.41962200622152,96.54831515236882,17.14400387419208,0.08037799377847676,-38.048315152368815,True,corbelli_et_al_2014,derived_baryonic_velocity_pass_with_caveat,Observed rotation from Corbelli et al. 2014 Table 1. Baryonic velocity components derived from Table 1 surface densities using Phase 1D-D1 axisymmetric disk-gravity calculation. Fig. 12 corrected sanity check status: PASS_WITH_CAVEAT; stellar disk offset ~7-10 km/s at some spot-check radii. Fig. 12 digitization is not used as canonical data. Bulge set to zero following Corbelli et al. 2014 no-separate-bulge treatment.
M33,1.08,66.2,3.3,49.707405837250846,46.773767439903516,87.21410963788976,68.25402197373674,100.38489485474902,16.492594162749157,-2.054021973736738,-34.18489485474902,True,corbelli_et_al_2014,derived_baryonic_velocity_pass_with_caveat,Observed rotation from Corbelli et al. 2014 Table 1. Baryonic velocity components derived from Table 1 surface densities using Phase 1D-D1 axisymmetric disk-gravity calculation. Fig. 12 corrected sanity check status: PASS_WITH_CAVEAT; stellar disk offset ~7-10 km/s at some spot-check radii. Fig. 12 digitization is not used as canonical data. Bulge set to zero following Corbelli et al. 2014 no-separate-bulge treatment.
M33,1.22,69.4,2.8,49.69581740392489,49.38854670986317,87.19880345009807,70.0635626667427,100.3658586899603,19.704182596075114,-0.6635626667426919,-30.9658586899603,True,corbelli_et_al_2014,derived_baryonic_velocity_pass_with_caveat,Observed rotation from Corbelli et al. 2014 Table 1. Baryonic velocity components derived from Table 1 surface densities using Phase 1D-D1 axisymmetric disk-gravity calculation. Fig. 12 corrected sanity check status: PASS_WITH_CAVEAT; stellar disk offset ~7-10 km/s at some spot-check radii. Fig. 12 digitization is not used as canonical data. Bulge set to zero following Corbelli et al. 2014 no-separate-bulge treatment.
M33,1.45,74.6,5.0,54.06927702858166,53.27363240732654,87.17365174014849,75.90498421226673,102.58036983802604,20.530722971418335,-1.3049842122667314,-27.98036983802605,True,corbelli_et_al_2014,derived_baryonic_velocity_pass_with_caveat,Observed rotation from Corbelli et al. 2014 Table 1. Baryonic velocity components derived from Table 1 surface densities using Phase 1D-D1 axisymmetric disk-gravity calculation. Fig. 12 corrected sanity check status: PASS_WITH_CAVEAT; stellar disk offset ~7-10 km/s at some spot-check radii. Fig. 12 digitization is not used as canonical data. Bulge set to zero following Corbelli et al. 2014 no-separate-bulge treatment.
M33,1.71,77.9,2.9,55.83537070326701,57.17225964678071,87.14521063996048,79.91405317395783,103.49819495553693,22.064629296732996,-2.0140531739578194,-25.598194955536925,True,corbelli_et_al_2014,derived_baryonic_velocity_pass_with_caveat,Observed rotation from Corbelli et al. 2014 Table 1. Baryonic velocity components derived from Table 1 surface densities using Phase 1D-D1 axisymmetric disk-gravity calculation. Fig. 12 corrected sanity check status: PASS_WITH_CAVEAT; stellar disk offset ~7-10 km/s at some spot-check radii. Fig. 12 digitization is not used as canonical data. Bulge set to zero following Corbelli et al. 2014 no-separate-bulge treatment.
M33,1.87,81.7,2.5,57.293901007396116,59.358800018152145,87.12770381605984,82.4988377629666,104.27764796400211,24.406098992603887,-0.798837762966599,-22.57764796400211,True,corbelli_et_al_2014,derived_baryonic_velocity_pass_with_caveat,Observed rotation from Corbelli et al. 2014 Table 1. Baryonic velocity components derived from Table 1 surface densities using Phase 1D-D1 axisymmetric disk-gravity calculation. Fig. 12 corrected sanity check status: PASS_WITH_CAVEAT; stellar disk offset ~7-10 km/s at some spot-check radii. Fig. 12 digitization is not used as canonical data. Bulge set to zero following Corbelli et al. 2014 no-separate-bulge treatment.
M33,2.2,86.8,3.0,58.864173191258345,63.449667300597355,87.09158489706205,86.54970344285964,105.11867125003351,27.935826808741652,0.25029655714035925,-18.318671250033518,True,corbelli_et_al_2014,derived_baryonic_velocity_pass_with_caveat,Observed rotation from Corbelli et al. 2014 Table 1. Baryonic velocity components derived from Table 1 surface densities using Phase 1D-D1 axisymmetric disk-gravity calculation. Fig. 12 corrected sanity check status: PASS_WITH_CAVEAT; stellar disk offset ~7-10 km/s at some spot-check radii. Fig. 12 digitization is not used as canonical data. Bulge set to zero following Corbelli et al. 2014 no-separate-bulge treatment.
M33,2.28,90.1,2.1,59.41903987544916,64.36736406971076,87.08282654417984,87.60011333898437,105.42315200487951,30.680960124550836,2.4998866610156227,-15.323152004879518,True,corbelli_et_al_2014,derived_baryonic_velocity_pass_with_caveat,Observed rotation from Corbelli et al. 2014 Table 1. Baryonic velocity components derived from Table 1 surface densities using Phase 1D-D1 axisymmetric disk-gravity calculation. Fig. 12 corrected sanity check status: PASS_WITH_CAVEAT; stellar disk offset ~7-10 km/s at some spot-check radii. Fig. 12 digitization is not used as canonical data. Bulge set to zero following Corbelli et al. 2014 no-separate-bulge treatment.
M33,2.69,94.4,3.9,61.43340078337278,68.6905823386681,87.03792619014591,92.15453778211818,106.53479866828395,32.96659921662722,2.2454622178818227,-12.134798668283949,True,corbelli_et_al_2014,derived_baryonic_velocity_pass_with_caveat,Observed rotation from Corbelli et al. 2014 Table 1. Baryonic velocity components derived from Table 1 surface densities using Phase 1D-D1 axisymmetric disk-gravity calculation. Fig. 12 corrected sanity check status: PASS_WITH_CAVEAT; stellar disk offset ~7-10 km/s at some spot-check radii. Fig. 12 digitization is not used as canonical data. Bulge set to zero following Corbelli et al. 2014 no-separate-bulge treatment.
M33,2.7,95.4,1.8,61.4594177301479,68.78883740716641,87.03683077108097,92.24513092601904,106.5489086682853,33.94058226985211,3.1548690739809615,-11.148908668285301,True,corbelli_et_al_2014,derived_baryonic_velocity_pass_with_caveat,Observed rotation from Corbelli et al. 2014 Table 1. Baryonic velocity components derived from Table 1 surface densities using Phase 1D-D1 axisymmetric disk-gravity calculation. Fig. 12 corrected sanity check status: PASS_WITH_CAVEAT; stellar disk offset ~7-10 km/s at some spot-check radii. Fig. 12 digitization is not used as canonical data. Bulge set to zero following Corbelli et al. 2014 no-separate-bulge treatment.
M33,3.12,99.2,2.6,62.91469643398745,72.65062689289594,86.9908107613659,96.10604879668901,107.35762750871764,36.28530356601255,3.0939512033109935,-8.157627508717638,True,corbelli_et_al_2014,derived_baryonic_velocity_pass_with_caveat,Observed rotation from Corbelli et al. 2014 Table 1. Baryonic velocity components derived from Table 1 surface densities using Phase 1D-D1 axisymmetric disk-gravity calculation. Fig. 12 corrected sanity check status: PASS_WITH_CAVEAT; stellar disk offset ~7-10 km/s at some spot-check radii. Fig. 12 digitization is not used as canonical data. Bulge set to zero following Corbelli et al. 2014 no-separate-bulge treatment.
M33,3.18,98.7,2.0,63.079993116046666,73.16344741464164,86.98423449507716,96.6021509549116,107.44925584765613,35.62000688395334,2.0978490450884095,-8.74925584765613,True,corbelli_et_al_2014,derived_baryonic_velocity_pass_with_caveat,Observed rotation from Corbelli et al. 2014 Table 1. Baryonic velocity components derived from Table 1 surface densities using Phase 1D-D1 axisymmetric disk-gravity calculation. Fig. 12 corrected sanity check status: PASS_WITH_CAVEAT; stellar disk offset ~7-10 km/s at some spot-check radii. Fig. 12 digitization is not used as canonical data. Bulge set to zero following Corbelli et al. 2014 no-separate-bulge treatment.
M33,3.53,101.3,2.4,63.92596679789372,75.98552644097722,86.94586307775273,99.29919163597386,107.91715497260265,37.374033202106276,2.000808364026142,-6.617154972602648,True,corbelli_et_al_2014,derived_baryonic_velocity_pass_with_caveat,Observed rotation from Corbelli et al. 2014 Table 1. Baryonic velocity components derived from Table 1 surface densities using Phase 1D-D1 axisymmetric disk-gravity calculation. Fig. 12 corrected sanity check status: PASS_WITH_CAVEAT; stellar disk offset ~7-10 km/s at some spot-check radii. Fig. 12 digitization is not used as canonical data. Bulge set to zero following Corbelli et al. 2014 no-separate-bulge treatment.
M33,3.66,101.5,1.3,64.20030246808354,76.96581720927932,86.93160654723488,100.22682203724514,108.0684183925936,37.299697531916465,1.2731779627548576,-6.5684183925936,True,corbelli_et_al_2014,derived_baryonic_velocity_pass_with_caveat,Observed rotation from Corbelli et al. 2014 Table 1. Baryonic velocity components derived from Table 1 surface densities using Phase 1D-D1 axisymmetric disk-gravity calculation. Fig. 12 corrected sanity check status: PASS_WITH_CAVEAT; stellar disk offset ~7-10 km/s at some spot-check radii. Fig. 12 digitization is not used as canonical data. Bulge set to zero following Corbelli et al. 2014 no-separate-bulge treatment.
M33,4.15,106.3,2.8,65.01428376407281,80.3724367095689,86.8778495055013,103.37594341039429,108.51091110139991,41.28571623592718,2.924056589605712,-2.2109111013999154,True,corbelli_et_al_2014,derived_baryonic_velocity_pass_with_caveat,Observed rotation from Corbelli et al. 2014 Table 1. Baryonic velocity components derived from Table 1 surface densities using Phase 1D-D1 axisymmetric disk-gravity calculation. Fig. 12 corrected sanity check status: PASS_WITH_CAVEAT; stellar disk offset ~7-10 km/s at some spot-check radii. Fig. 12 digitization is not used as canonical data. Bulge set to zero following Corbelli et al. 2014 no-separate-bulge treatment.
M33,4.64,109.4,1.4,65.39700781392459,83.3843605463279,86.82405944537913,105.97037423136014,108.6976813441264,44.00299218607542,3.429625768639866,0.7023186558736114,True,corbelli_et_al_2014,derived_baryonic_velocity_pass_with_caveat,Observed rotation from Corbelli et al. 2014 Table 1. Baryonic velocity components derived from Table 1 surface densities using Phase 1D-D1 axisymmetric disk-gravity calculation. Fig. 12 corrected sanity check status: PASS_WITH_CAVEAT; stellar disk offset ~7-10 km/s at some spot-check radii. Fig. 12 digitization is not used as canonical data. Bulge set to zero following Corbelli et al. 2014 no-separate-bulge treatment.
M33,5.13,108.8,1.6,65.45192130893489,86.06614532648202,86.77023637052328,108.12647859978668,108.68775424502746,43.34807869106511,0.6735214002133176,0.11224575497253397,True,corbelli_et_al_2014,derived_baryonic_velocity_pass_with_caveat,Observed rotation from Corbelli et al. 2014 Table 1. Baryonic velocity components derived from Table 1 surface densities using Phase 1D-D1 axisymmetric disk-gravity calculation. Fig. 12 corrected sanity check status: PASS_WITH_CAVEAT; stellar disk offset ~7-10 km/s at some spot-check radii. Fig. 12 digitization is not used as canonical data. Bulge set to zero following Corbelli et al. 2014 no-separate-bulge treatment.
M33,5.62,107.3,2.7,65.3629587678068,88.46776092233077,86.71638029143219,109.99482306678205,108.59119204489055,41.937041232193195,-2.6948230667820496,-1.2911920448905505,True,corbelli_et_al_2014,derived_baryonic_velocity_pass_with_caveat,Observed rotation from Corbelli et al. 2014 Table 1. Baryonic velocity components derived from Table 1 surface densities using Phase 1D-D1 axisymmetric disk-gravity calculation. Fig. 12 corrected sanity check status: PASS_WITH_CAVEAT; stellar disk offset ~7-10 km/s at some spot-check radii. Fig. 12 digitization is not used as canonical data. Bulge set to zero following Corbelli et al. 2014 no-separate-bulge treatment.
M33,6.11,108.2,2.2,65.2852373749897,90.62880176104248,86.6624912253914,111.69486079382116,108.50138065711329,42.9147626250103,-3.494860793821161,-0.30138065711328466,True,corbelli_et_al_2014,derived_baryonic_velocity_pass_with_caveat,Observed rotation from Corbelli et al. 2014 Table 1. Baryonic velocity components derived from Table 1 surface densities using Phase 1D-D1 axisymmetric disk-gravity calculation. Fig. 12 corrected sanity check status: PASS_WITH_CAVEAT; stellar disk offset ~7-10 km/s at some spot-check radii. Fig. 12 digitization is not used as canonical data. Bulge set to zero following Corbelli et al. 2014 no-separate-bulge treatment.
M33,6.6,109.8,1.6,65.23145973208709,92.5812419249254,86.60856919641706,113.25382861140042,108.42595444370994,44.56854026791291,-3.453828611400425,1.3740455562900564,True,corbelli_et_al_2014,derived_baryonic_velocity_pass_with_caveat,Observed rotation from Corbelli et al. 2014 Table 1. Baryonic velocity components derived from Table 1 surface densities using Phase 1D-D1 axisymmetric disk-gravity calculation. Fig. 12 corrected sanity check status: PASS_WITH_CAVEAT; stellar disk offset ~7-10 km/s at some spot-check radii. Fig. 12 digitization is not used as canonical data. Bulge set to zero following Corbelli et al. 2014 no-separate-bulge treatment.
M33,7.09,110.1,1.7,65.18608232241964,94.35131001494088,86.55461423519924,114.67953187069065,108.355556267085,44.91391767758036,-4.5795318706906585,1.7444437329149878,True,corbelli_et_al_2014,derived_baryonic_velocity_pass_with_caveat,Observed rotation from Corbelli et al. 2014 Table 1. Baryonic velocity components derived from Table 1 surface densities using Phase 1D-D1 axisymmetric disk-gravity calculation. Fig. 12 corrected sanity check status: PASS_WITH_CAVEAT; stellar disk offset ~7-10 km/s at some spot-check radii. Fig. 12 digitization is not used as canonical data. Bulge set to zero following Corbelli et al. 2014 no-separate-bulge treatment.
M33,7.57,111.1,1.6,65.0108035156304,95.9294394290776,86.5017285005617,115.8829664917367,108.20791841326951,46.089196484369594,-4.782966491736701,2.892081586730484,True,corbelli_et_al_2014,derived_baryonic_velocity_pass_with_caveat,Observed rotation from Corbelli et al. 2014 Table 1. Baryonic velocity components derived from Table 1 surface densities using Phase 1D-D1 axisymmetric disk-gravity calculation. Fig. 12 corrected sanity check status: PASS_WITH_CAVEAT; stellar disk offset ~7-10 km/s at some spot-check radii. Fig. 12 digitization is not used as canonical data. Bulge set to zero following Corbelli et al. 2014 no-separate-bulge treatment.
M33,8.06,113.0,2.6,64.40371944195374,97.39943087160705,86.44770846328659,116.76681126103792,107.80095257701242,48.59628055804626,-3.7668112610379154,5.199047422987576,True,corbelli_et_al_2014,derived_baryonic_velocity_pass_with_caveat,Observed rotation from Corbelli et al. 2014 Table 1. Baryonic velocity components derived from Table 1 surface densities using Phase 1D-D1 axisymmetric disk-gravity calculation. Fig. 12 corrected sanity check status: PASS_WITH_CAVEAT; stellar disk offset ~7-10 km/s at some spot-check radii. Fig. 12 digitization is not used as canonical data. Bulge set to zero following Corbelli et al. 2014 no-separate-bulge treatment.
M33,8.55,113.9,2.4,63.340315819633965,98.74243919058807,86.39365562421953,117.31182764511837,107.1254374098291,50.55968418036604,-3.4118276451183647,6.774562590170902,True,corbelli_et_al_2014,derived_baryonic_velocity_pass_with_caveat,Observed rotation from Corbelli et al. 2014 Table 1. Baryonic velocity components derived from Table 1 surface densities using Phase 1D-D1 axisymmetric disk-gravity calculation. Fig. 12 corrected sanity check status: PASS_WITH_CAVEAT; stellar disk offset ~7-10 km/s at some spot-check radii. Fig. 12 digitization is not used as canonical data. Bulge set to zero following Corbelli et al. 2014 no-separate-bulge treatment.
M33,9.04,115.1,3.2,62.0064737118436,99.97182118505852,86.33957004004512,117.63999240579227,106.2982790870925,53.0935262881564,-2.539992405792276,8.801720912907498,True,corbelli_et_al_2014,derived_baryonic_velocity_pass_with_caveat,Observed rotation from Corbelli et al. 2014 Table 1. Baryonic velocity components derived from Table 1 surface densities using Phase 1D-D1 axisymmetric disk-gravity calculation. Fig. 12 corrected sanity check status: PASS_WITH_CAVEAT; stellar disk offset ~7-10 km/s at some spot-check radii. Fig. 12 digitization is not used as canonical data. Bulge set to zero following Corbelli et al. 2014 no-separate-bulge treatment.
M33,9.53,116.3,3.1,60.45067056253037,101.09909446975925,86.28545177383717,117.7935077755344,105.35398786602602,55.84932943746963,-1.4935077755343968,10.94601213397398,True,corbelli_et_al_2014,derived_baryonic_velocity_pass_with_caveat,Observed rotation from Corbelli et al. 2014 Table 1. Baryonic velocity components derived from Table 1 surface densities using Phase 1D-D1 axisymmetric disk-gravity calculation. Fig. 12 corrected sanity check status: PASS_WITH_CAVEAT; stellar disk offset ~7-10 km/s at some spot-check radii. Fig. 12 digitization is not used as canonical data. Bulge set to zero following Corbelli et al. 2014 no-separate-bulge treatment.
M33,10.02,119.1,2.7,58.78115215867894,102.13425687354486,86.23130089500123,117.84154732611503,104.36024675682789,60.31884784132105,1.2584526738849604,14.739753243172103,True,corbelli_et_al_2014,derived_baryonic_velocity_pass_with_caveat,Observed rotation from Corbelli et al. 2014 Table 1. Baryonic velocity components derived from Table 1 surface densities using Phase 1D-D1 axisymmetric disk-gravity calculation. Fig. 12 corrected sanity check status: PASS_WITH_CAVEAT; stellar disk offset ~7-10 km/s at some spot-check radii. Fig. 12 digitization is not used as canonical data. Bulge set to zero following Corbelli et al. 2014 no-separate-bulge treatment.
M33,10.51,121.0,2.7,57.19443661274231,103.08603866399447,86.17711747921676,117.88950312425429,103.4296821829968,63.80556338725769,3.11049687574571,17.5703178170032,True,corbelli_et_al_2014,derived_baryonic_velocity_pass_with_caveat,Observed rotation from Corbelli et al. 2014 Table 1. Baryonic velocity components derived from Table 1 surface densities using Phase 1D-D1 axisymmetric disk-gravity calculation. Fig. 12 corrected sanity check status: PASS_WITH_CAVEAT; stellar disk offset ~7-10 km/s at some spot-check radii. Fig. 12 digitization is not used as canonical data. Bulge set to zero following Corbelli et al. 2014 no-separate-bulge treatment.
M33,10.99,121.5,2.1,55.81749461588896,103.9449361077321,86.12400837856778,117.98365330686833,102.63010047927658,65.68250538411104,3.5163466931316663,18.869899520723422,True,corbelli_et_al_2014,derived_baryonic_velocity_pass_with_caveat,Observed rotation from Corbelli et al. 2014 Table 1. Baryonic velocity components derived from Table 1 surface densities using Phase 1D-D1 axisymmetric disk-gravity calculation. Fig. 12 corrected sanity check status: PASS_WITH_CAVEAT; stellar disk offset ~7-10 km/s at some spot-check radii. Fig. 12 digitization is not used as canonical data. Bulge set to zero following Corbelli et al. 2014 no-separate-bulge treatment.
M33,11.48,118.6,2.0,54.58421113021362,104.75339128756951,86.06976080036141,118.12158604994424,101.91879036242122,64.01578886978638,0.47841395005575293,16.681209637578775,True,corbelli_et_al_2014,derived_baryonic_velocity_pass_with_caveat,Observed rotation from Corbelli et al. 2014 Table 1. Baryonic velocity components derived from Table 1 surface densities using Phase 1D-D1 axisymmetric disk-gravity calculation. Fig. 12 corrected sanity check status: PASS_WITH_CAVEAT; stellar disk offset ~7-10 km/s at some spot-check radii. Fig. 12 digitization is not used as canonical data. Bulge set to zero following Corbelli et al. 2014 no-separate-bulge treatment.
M33,11.97,118.7,1.9,53.48055424493226,105.49876666902095,86.01548094732695,118.28000444297281,101.28589558741685,65.21944575506774,0.4199955570271925,17.414104412583157,True,corbelli_et_al_2014,derived_baryonic_velocity_pass_with_caveat,Observed rotation from Corbelli et al. 2014 Table 1. Baryonic velocity components derived from Table 1 surface densities using Phase 1D-D1 axisymmetric disk-gravity calculation. Fig. 12 corrected sanity check status: PASS_WITH_CAVEAT; stellar disk offset ~7-10 km/s at some spot-check radii. Fig. 12 digitization is not used as canonical data. Bulge set to zero following Corbelli et al. 2014 no-separate-bulge treatment.
M33,12.46,117.2,1.9,52.449260481575365,106.18640438859047,85.96116891953677,118.43343025531858,100.69879585713663,64.75073951842464,-1.2334302553185807,16.501204142863372,True,corbelli_et_al_2014,derived_baryonic_velocity_pass_with_caveat,Observed rotation from Corbelli et al. 2014 Table 1. Baryonic velocity components derived from Table 1 surface densities using Phase 1D-D1 axisymmetric disk-gravity calculation. Fig. 12 corrected sanity check status: PASS_WITH_CAVEAT; stellar disk offset ~7-10 km/s at some spot-check radii. Fig. 12 digitization is not used as canonical data. Bulge set to zero following Corbelli et al. 2014 no-separate-bulge treatment.
M33,12.95,116.2,2.0,51.46879419093675,106.8210743450238,85.9068248230476,118.57393769161125,100.14499152052882,64.73120580906325,-2.3739376916112462,16.055008479471184,True,corbelli_et_al_2014,derived_baryonic_velocity_pass_with_caveat,Observed rotation from Corbelli et al. 2014 Table 1. Baryonic velocity components derived from Table 1 surface densities using Phase 1D-D1 axisymmetric disk-gravity calculation. Fig. 12 corrected sanity check status: PASS_WITH_CAVEAT; stellar disk offset ~7-10 km/s at some spot-check radii. Fig. 12 digitization is not used as canonical data. Bulge set to zero following Corbelli et al. 2014 no-separate-bulge treatment.
M33,13.44,118.3,2.4,50.53622119020434,107.4070501238569,85.85244876984198,118.70208114643133,99.62204882436218,67.76377880979567,-0.4020811464313283,18.677951175637816,True,corbelli_et_al_2014,derived_baryonic_velocity_pass_with_caveat,Observed rotation from Corbelli et al. 2014 Table 1. Baryonic velocity components derived from Table 1 surface densities using Phase 1D-D1 axisymmetric disk-gravity calculation. Fig. 12 corrected sanity check status: PASS_WITH_CAVEAT; stellar disk offset ~7-10 km/s at some spot-check radii. Fig. 12 digitization is not used as canonical data. Bulge set to zero following Corbelli et al. 2014 no-separate-bulge treatment.
M33,13.93,119.0,2.4,49.66199800533945,107.94817281765654,85.79804087776967,118.82391198977159,99.13434250725514,69.33800199466054,0.17608801022841192,19.86565749274486,True,corbelli_et_al_2014,derived_baryonic_velocity_pass_with_caveat,Observed rotation from Corbelli et al. 2014 Table 1. Baryonic velocity components derived from Table 1 surface densities using Phase 1D-D1 axisymmetric disk-gravity calculation. Fig. 12 corrected sanity check status: PASS_WITH_CAVEAT; stellar disk offset ~7-10 km/s at some spot-check radii. Fig. 12 digitization is not used as canonical data. Bulge set to zero following Corbelli et al. 2014 no-separate-bulge treatment.
M33,14.41,121.3,2.9,48.88837719664186,108.4380989517246,85.74471259905835,118.9491266432215,98.70273128751933,72.41162280335814,2.350873356778493,22.59726871248067,True,corbelli_et_al_2014,derived_baryonic_velocity_pass_with_caveat,Observed rotation from Corbelli et al. 2014 Table 1. Baryonic velocity components derived from Table 1 surface densities using Phase 1D-D1 axisymmetric disk-gravity calculation. Fig. 12 corrected sanity check status: PASS_WITH_CAVEAT; stellar disk offset ~7-10 km/s at some spot-check radii. Fig. 12 digitization is not used as canonical data. Bulge set to zero following Corbelli et al. 2014 no-separate-bulge treatment.
M33,14.9,121.4,3.7,48.184192481354536,108.90032210553791,85.69024204925367,119.08398951903706,98.30836173764622,73.21580751864548,2.3160104809629445,23.091638262353783,True,corbelli_et_al_2014,derived_baryonic_velocity_pass_with_caveat,Observed rotation from Corbelli et al. 2014 Table 1. Baryonic velocity components derived from Table 1 surface densities using Phase 1D-D1 axisymmetric disk-gravity calculation. Fig. 12 corrected sanity check status: PASS_WITH_CAVEAT; stellar disk offset ~7-10 km/s at some spot-check radii. Fig. 12 digitization is not used as canonical data. Bulge set to zero following Corbelli et al. 2014 no-separate-bulge treatment.
M33,15.39,120.3,3.4,47.510466468385985,109.32706607507266,85.63574004593279,119.20424405459283,97.93224391005349,72.78953353161401,1.0957559454071628,22.36775608994651,True,corbelli_et_al_2014,derived_baryonic_velocity_pass_with_caveat,Observed rotation from Corbelli et al. 2014 Table 1. Baryonic velocity components derived from Table 1 surface densities using Phase 1D-D1 axisymmetric disk-gravity calculation. Fig. 12 corrected sanity check status: PASS_WITH_CAVEAT; stellar disk offset ~7-10 km/s at some spot-check radii. Fig. 12 digitization is not used as canonical data. Bulge set to zero following Corbelli et al. 2014 no-separate-bulge treatment.
M33,15.88,121.9,4.2,46.83401530390778,109.72091274017357,85.58120672971104,119.29838088600972,97.55802342606275,75.06598469609222,2.6016191139902816,24.34197657393726,True,corbelli_et_al_2014,derived_baryonic_velocity_pass_with_caveat,Observed rotation from Corbelli et al. 2014 Table 1. Baryonic velocity components derived from Table 1 surface densities using Phase 1D-D1 axisymmetric disk-gravity calculation. Fig. 12 corrected sanity check status: PASS_WITH_CAVEAT; stellar disk offset ~7-10 km/s at some spot-check radii. Fig. 12 digitization is not used as canonical data. Bulge set to zero following Corbelli et al. 2014 no-separate-bulge treatment.
M33,16.37,126.3,7.2,46.18794584739424,110.08421282762748,85.52664224677717,119.38115536164075,97.20150655010463,80.11205415260577,6.918844638359246,29.098493449895372,True,corbelli_et_al_2014,derived_baryonic_velocity_pass_with_caveat,Observed rotation from Corbelli et al. 2014 Table 1. Baryonic velocity components derived from Table 1 surface densities using Phase 1D-D1 axisymmetric disk-gravity calculation. Fig. 12 corrected sanity check status: PASS_WITH_CAVEAT; stellar disk offset ~7-10 km/s at some spot-check radii. Fig. 12 digitization is not used as canonical data. Bulge set to zero following Corbelli et al. 2014 no-separate-bulge treatment.
M33,16.86,126.3,4.5,45.58198752737516,110.41911117993547,85.47204674883409,119.4575142078251,96.86685894763319,80.71801247262484,6.842485792174898,29.433141052366807,True,corbelli_et_al_2014,derived_baryonic_velocity_pass_with_caveat,Observed rotation from Corbelli et al. 2014 Table 1. Baryonic velocity components derived from Table 1 surface densities using Phase 1D-D1 axisymmetric disk-gravity calculation. Fig. 12 corrected sanity check status: PASS_WITH_CAVEAT; stellar disk offset ~7-10 km/s at some spot-check radii. Fig. 12 digitization is not used as canonical data. Bulge set to zero following Corbelli et al. 2014 no-separate-bulge treatment.
M33,17.35,127.2,5.5,44.97753430238034,110.72756873312117,85.41742039303949,119.51390324757146,96.53555976179472,82.22246569761967,7.68609675242854,30.664440238205287,True,corbelli_et_al_2014,derived_baryonic_velocity_pass_with_caveat,Observed rotation from Corbelli et al. 2014 Table 1. Baryonic velocity components derived from Table 1 surface densities using Phase 1D-D1 axisymmetric disk-gravity calculation. Fig. 12 corrected sanity check status: PASS_WITH_CAVEAT; stellar disk offset ~7-10 km/s at some spot-check radii. Fig. 12 digitization is not used as canonical data. Bulge set to zero following Corbelli et al. 2014 no-separate-bulge treatment.
M33,17.84,126.2,4.7,44.36535201748551,111.01138170252719,85.36276334194625,119.54836396680464,96.20335662027873,81.8346479825145,6.651636033195359,29.996643379721277,True,corbelli_et_al_2014,derived_baryonic_velocity_pass_with_caveat,Observed rotation from Corbelli et al. 2014 Table 1. Baryonic velocity components derived from Table 1 surface densities using Phase 1D-D1 axisymmetric disk-gravity calculation. Fig. 12 corrected sanity check status: PASS_WITH_CAVEAT; stellar disk offset ~7-10 km/s at some spot-check radii. Fig. 12 digitization is not used as canonical data. Bulge set to zero following Corbelli et al. 2014 no-separate-bulge treatment.
M33,18.32,124.2,12.2,43.77318412225041,111.26709526250852,85.30919214048737,119.56779723803805,95.88404409422367,80.42681587774959,4.632202761961949,28.315955905776335,True,corbelli_et_al_2014,derived_baryonic_velocity_pass_with_caveat,Observed rotation from Corbelli et al. 2014 Table 1. Baryonic velocity components derived from Table 1 surface densities using Phase 1D-D1 axisymmetric disk-gravity calculation. Fig. 12 corrected sanity check status: PASS_WITH_CAVEAT; stellar disk offset ~7-10 km/s at some spot-check radii. Fig. 12 digitization is not used as canonical data. Bulge set to zero following Corbelli et al. 2014 no-separate-bulge treatment.
M33,18.81,127.2,13.3,43.21316011906185,111.5068548811097,85.25447482544793,119.58744036458233,95.58086987069437,83.98683988093816,7.612559635417668,31.61913012930563,True,corbelli_et_al_2014,derived_baryonic_velocity_pass_with_caveat,Observed rotation from Corbelli et al. 2014 Table 1. Baryonic velocity components derived from Table 1 surface densities using Phase 1D-D1 axisymmetric disk-gravity calculation. Fig. 12 corrected sanity check status: PASS_WITH_CAVEAT; stellar disk offset ~7-10 km/s at some spot-check radii. Fig. 12 digitization is not used as canonical data. Bulge set to zero following Corbelli et al. 2014 no-separate-bulge treatment.
M33,19.3,120.2,14.2,42.73829720039572,111.726501059453,85.19972733085217,119.62179185490119,95.31818076757924,77.46170279960428,0.578208145098813,24.881819232420767,True,corbelli_et_al_2014,derived_baryonic_velocity_pass_with_caveat,Observed rotation from Corbelli et al. 2014 Table 1. Baryonic velocity components derived from Table 1 surface densities using Phase 1D-D1 axisymmetric disk-gravity calculation. Fig. 12 corrected sanity check status: PASS_WITH_CAVEAT; stellar disk offset ~7-10 km/s at some spot-check radii. Fig. 12 digitization is not used as canonical data. Bulge set to zero following Corbelli et al. 2014 no-separate-bulge treatment.
M33,19.79,121.8,13.2,42.33598505943535,111.92732232872812,85.14494984013315,119.66645776754544,95.08942167366212,79.46401494056465,2.133542232454559,26.71057832633788,True,corbelli_et_al_2014,derived_baryonic_velocity_pass_with_caveat,Observed rotation from Corbelli et al. 2014 Table 1. Baryonic velocity components derived from Table 1 surface densities using Phase 1D-D1 axisymmetric disk-gravity calculation. Fig. 12 corrected sanity check status: PASS_WITH_CAVEAT; stellar disk offset ~7-10 km/s at some spot-check radii. Fig. 12 digitization is not used as canonical data. Bulge set to zero following Corbelli et al. 2014 no-separate-bulge treatment.
M33,20.28,136.0,19.1,41.94442192564604,112.11050861664293,85.09014254182188,119.70004458210944,94.86657413685909,94.05557807435396,16.29995541789056,41.133425863140914,True,corbelli_et_al_2014,derived_baryonic_velocity_pass_with_caveat,Observed rotation from Corbelli et al. 2014 Table 1. Baryonic velocity components derived from Table 1 surface densities using Phase 1D-D1 axisymmetric disk-gravity calculation. Fig. 12 corrected sanity check status: PASS_WITH_CAVEAT; stellar disk offset ~7-10 km/s at some spot-check radii. Fig. 12 digitization is not used as canonical data. Bulge set to zero following Corbelli et al. 2014 no-separate-bulge treatment.
M33,20.77,128.3,14.3,41.52412949444198,112.27716034006443,85.03530562948744,119.70970747729577,94.63221720836685,86.77587050555803,8.590292522704246,33.66778279163316,True,corbelli_et_al_2014,derived_baryonic_velocity_pass_with_caveat,Observed rotation from Corbelli et al. 2014 Table 1. Baryonic velocity components derived from Table 1 surface densities using Phase 1D-D1 axisymmetric disk-gravity calculation. Fig. 12 corrected sanity check status: PASS_WITH_CAVEAT; stellar disk offset ~7-10 km/s at some spot-check radii. Fig. 12 digitization is not used as canonical data. Bulge set to zero following Corbelli et al. 2014 no-separate-bulge treatment.
M33,21.26,127.4,15.4,41.101152448668465,112.42829650674102,84.98043930167697,119.70558294422345,94.39798618887316,86.29884755133153,7.6944170557765545,33.002013811126844,True,corbelli_et_al_2014,derived_baryonic_velocity_pass_with_caveat,Observed rotation from Corbelli et al. 2014 Table 1. Baryonic velocity components derived from Table 1 surface densities using Phase 1D-D1 axisymmetric disk-gravity calculation. Fig. 12 corrected sanity check status: PASS_WITH_CAVEAT; stellar disk offset ~7-10 km/s at some spot-check radii. Fig. 12 digitization is not used as canonical data. Bulge set to zero following Corbelli et al. 2014 no-separate-bulge treatment.
M33,21.74,120.1,13.1,40.712380697038675,112.56221465444729,84.9266643696275,119.6985802335787,94.1808699416817,79.38761930296133,0.4014197664212986,25.919130058318288,True,corbelli_et_al_2014,derived_baryonic_velocity_pass_with_caveat,Observed rotation from Corbelli et al. 2014 Table 1. Baryonic velocity components derived from Table 1 surface densities using Phase 1D-D1 axisymmetric disk-gravity calculation. Fig. 12 corrected sanity check status: PASS_WITH_CAVEAT; stellar disk offset ~7-10 km/s at some spot-check radii. Fig. 12 digitization is not used as canonical data. Bulge set to zero following Corbelli et al. 2014 no-separate-bulge treatment.
M33,22.23,112.2,14.9,40.34596299131986,112.68535762556583,84.87174041591683,119.69037786262778,93.97344864866736,71.85403700868014,-7.490377862627781,18.226551351332645,True,corbelli_et_al_2014,derived_baryonic_velocity_pass_with_caveat,Observed rotation from Corbelli et al. 2014 Table 1. Baryonic velocity components derived from Table 1 surface densities using Phase 1D-D1 axisymmetric disk-gravity calculation. Fig. 12 corrected sanity check status: PASS_WITH_CAVEAT; stellar disk offset ~7-10 km/s at some spot-check radii. Fig. 12 digitization is not used as canonical data. Bulge set to zero following Corbelli et al. 2014 no-separate-bulge treatment.
M33,22.72,119.6,13.4,40.00495401305531,112.79560621100022,84.81678766724316,119.67976072040628,93.77784288293734,79.59504598694468,-0.07976072040628424,25.82215711706266,True,corbelli_et_al_2014,derived_baryonic_velocity_pass_with_caveat,Observed rotation from Corbelli et al. 2014 Table 1. Baryonic velocity components derived from Table 1 surface densities using Phase 1D-D1 axisymmetric disk-gravity calculation. Fig. 12 corrected sanity check status: PASS_WITH_CAVEAT; stellar disk offset ~7-10 km/s at some spot-check radii. Fig. 12 digitization is not used as canonical data. Bulge set to zero following Corbelli et al. 2014 no-separate-bulge treatment.
