galaxy_id,r_kpc,v_obs_kms,v_err_kms,v_gas_kms,v_disk_kms,v_bulge_kms,v_bar_kms,residual_v2_kms2,residual_accel_proxy_kms2_per_kpc,source_id,data_quality_flag,notes
M33,0.24,37.3,6.2,2.7011220728840377,16.27921704959787,0.0,16.50178681841877,1118.9810317994602,4662.420965831085,corbelli_et_al_2014,derived_baryonic_velocity_pass_with_caveat,Observed rotation from Corbelli et al. 2014 Table 1. Baryonic velocity components derived from Table 1 surface densities using Phase 1D-D1 axisymmetric disk-gravity calculation. Fig. 12 corrected sanity check status: PASS_WITH_CAVEAT; stellar disk offset ~7-10 km/s at some spot-check radii. Fig. 12 digitization is not used as canonical data. Bulge set to zero following Corbelli et al. 2014 no-separate-bulge treatment.
M33,0.28,37.9,5.5,3.150749350404962,26.722201983211693,0.0,26.9073094214312,712.4066996993596,2544.3096417834267,corbelli_et_al_2014,derived_baryonic_velocity_pass_with_caveat,Observed rotation from Corbelli et al. 2014 Table 1. Baryonic velocity components derived from Table 1 surface densities using Phase 1D-D1 axisymmetric disk-gravity calculation. Fig. 12 corrected sanity check status: PASS_WITH_CAVEAT; stellar disk offset ~7-10 km/s at some spot-check radii. Fig. 12 digitization is not used as canonical data. Bulge set to zero following Corbelli et al. 2014 no-separate-bulge treatment.
M33,0.46,47.1,3.9,4.9192483989903275,36.05637615478035,0.0,36.3904007428605,894.1487337740182,1943.801595160909,corbelli_et_al_2014,derived_baryonic_velocity_pass_with_caveat,Observed rotation from Corbelli et al. 2014 Table 1. Baryonic velocity components derived from Table 1 surface densities using Phase 1D-D1 axisymmetric disk-gravity calculation. Fig. 12 corrected sanity check status: PASS_WITH_CAVEAT; stellar disk offset ~7-10 km/s at some spot-check radii. Fig. 12 digitization is not used as canonical data. Bulge set to zero following Corbelli et al. 2014 no-separate-bulge treatment.
M33,0.64,53.5,2.8,6.4201265408955255,37.63760457946909,0.0,38.18124282002334,1404.4426967184158,2194.4417136225247,corbelli_et_al_2014,derived_baryonic_velocity_pass_with_caveat,Observed rotation from Corbelli et al. 2014 Table 1. Baryonic velocity components derived from Table 1 surface densities using Phase 1D-D1 axisymmetric disk-gravity calculation. Fig. 12 corrected sanity check status: PASS_WITH_CAVEAT; stellar disk offset ~7-10 km/s at some spot-check radii. Fig. 12 digitization is not used as canonical data. Bulge set to zero following Corbelli et al. 2014 no-separate-bulge treatment.
M33,0.73,55.1,3.3,7.095425065462475,38.739347874664645,0.0,39.383780044757984,1484.9278693861231,2034.1477662823604,corbelli_et_al_2014,derived_baryonic_velocity_pass_with_caveat,Observed rotation from Corbelli et al. 2014 Table 1. Baryonic velocity components derived from Table 1 surface densities using Phase 1D-D1 axisymmetric disk-gravity calculation. Fig. 12 corrected sanity check status: PASS_WITH_CAVEAT; stellar disk offset ~7-10 km/s at some spot-check radii. Fig. 12 digitization is not used as canonical data. Bulge set to zero following Corbelli et al. 2014 no-separate-bulge treatment.
M33,0.82,58.5,2.5,7.740461337790709,40.6251606007411,0.0,41.35599612580792,1711.9315844421603,2087.721444441659,corbelli_et_al_2014,derived_baryonic_velocity_pass_with_caveat,Observed rotation from Corbelli et al. 2014 Table 1. Baryonic velocity components derived from Table 1 surface densities using Phase 1D-D1 axisymmetric disk-gravity calculation. Fig. 12 corrected sanity check status: PASS_WITH_CAVEAT; stellar disk offset ~7-10 km/s at some spot-check radii. Fig. 12 digitization is not used as canonical data. Bulge set to zero following Corbelli et al. 2014 no-separate-bulge treatment.
M33,1.08,66.2,3.3,9.397118626973617,48.81106797212846,0.0,49.707405837250846,1911.613804930841,1770.0127823433713,corbelli_et_al_2014,derived_baryonic_velocity_pass_with_caveat,Observed rotation from Corbelli et al. 2014 Table 1. Baryonic velocity components derived from Table 1 surface densities using Phase 1D-D1 axisymmetric disk-gravity calculation. Fig. 12 corrected sanity check status: PASS_WITH_CAVEAT; stellar disk offset ~7-10 km/s at some spot-check radii. Fig. 12 digitization is not used as canonical data. Bulge set to zero following Corbelli et al. 2014 no-separate-bulge treatment.
M33,1.22,69.4,2.8,10.045505658702242,48.66992997226548,0.0,49.69581740392489,2346.685732555756,1923.512895537505,corbelli_et_al_2014,derived_baryonic_velocity_pass_with_caveat,Observed rotation from Corbelli et al. 2014 Table 1. Baryonic velocity components derived from Table 1 surface densities using Phase 1D-D1 axisymmetric disk-gravity calculation. Fig. 12 corrected sanity check status: PASS_WITH_CAVEAT; stellar disk offset ~7-10 km/s at some spot-check radii. Fig. 12 digitization is not used as canonical data. Bulge set to zero following Corbelli et al. 2014 no-separate-bulge treatment.
M33,1.45,74.6,5.0,11.058509051558644,52.92632705894207,0.0,54.06927702858166,2641.6732816064905,1821.8436424872348,corbelli_et_al_2014,derived_baryonic_velocity_pass_with_caveat,Observed rotation from Corbelli et al. 2014 Table 1. Baryonic velocity components derived from Table 1 surface densities using Phase 1D-D1 axisymmetric disk-gravity calculation. Fig. 12 corrected sanity check status: PASS_WITH_CAVEAT; stellar disk offset ~7-10 km/s at some spot-check radii. Fig. 12 digitization is not used as canonical data. Bulge set to zero following Corbelli et al. 2014 no-separate-bulge treatment.
M33,1.71,77.9,2.9,12.229034461978747,54.47971491939898,0.0,55.83537070326701,2950.8213784287527,1725.626537092838,corbelli_et_al_2014,derived_baryonic_velocity_pass_with_caveat,Observed rotation from Corbelli et al. 2014 Table 1. Baryonic velocity components derived from Table 1 surface densities using Phase 1D-D1 axisymmetric disk-gravity calculation. Fig. 12 corrected sanity check status: PASS_WITH_CAVEAT; stellar disk offset ~7-10 km/s at some spot-check radii. Fig. 12 digitization is not used as canonical data. Bulge set to zero following Corbelli et al. 2014 no-separate-bulge treatment.
M33,1.87,81.7,2.5,13.073483347047672,55.78239082201275,0.0,57.293901007396116,3392.2989073546946,1814.0635868206923,corbelli_et_al_2014,derived_baryonic_velocity_pass_with_caveat,Observed rotation from Corbelli et al. 2014 Table 1. Baryonic velocity components derived from Table 1 surface densities using Phase 1D-D1 axisymmetric disk-gravity calculation. Fig. 12 corrected sanity check status: PASS_WITH_CAVEAT; stellar disk offset ~7-10 km/s at some spot-check radii. Fig. 12 digitization is not used as canonical data. Bulge set to zero following Corbelli et al. 2014 no-separate-bulge treatment.
M33,2.2,86.8,3.0,15.027034834834836,56.91378663876722,0.0,58.864173191258345,4069.2491145095423,1849.658688413428,corbelli_et_al_2014,derived_baryonic_velocity_pass_with_caveat,Observed rotation from Corbelli et al. 2014 Table 1. Baryonic velocity components derived from Table 1 surface densities using Phase 1D-D1 axisymmetric disk-gravity calculation. Fig. 12 corrected sanity check status: PASS_WITH_CAVEAT; stellar disk offset ~7-10 km/s at some spot-check radii. Fig. 12 digitization is not used as canonical data. Bulge set to zero following Corbelli et al. 2014 no-separate-bulge treatment.
M33,2.28,90.1,2.1,15.548611883293075,57.34860912195634,0.0,59.41903987544916,4587.387700279782,2012.0121492455185,corbelli_et_al_2014,derived_baryonic_velocity_pass_with_caveat,Observed rotation from Corbelli et al. 2014 Table 1. Baryonic velocity components derived from Table 1 surface densities using Phase 1D-D1 axisymmetric disk-gravity calculation. Fig. 12 corrected sanity check status: PASS_WITH_CAVEAT; stellar disk offset ~7-10 km/s at some spot-check radii. Fig. 12 digitization is not used as canonical data. Bulge set to zero following Corbelli et al. 2014 no-separate-bulge treatment.
M33,2.69,94.4,3.9,17.557254658781492,58.87109257230753,0.0,61.43340078337278,5137.2972681894935,1909.7759361299234,corbelli_et_al_2014,derived_baryonic_velocity_pass_with_caveat,Observed rotation from Corbelli et al. 2014 Table 1. Baryonic velocity components derived from Table 1 surface densities using Phase 1D-D1 axisymmetric disk-gravity calculation. Fig. 12 corrected sanity check status: PASS_WITH_CAVEAT; stellar disk offset ~7-10 km/s at some spot-check radii. Fig. 12 digitization is not used as canonical data. Bulge set to zero following Corbelli et al. 2014 no-separate-bulge treatment.
M33,2.7,95.4,1.8,17.59013322614274,58.888430449582934,0.0,61.4594177301479,5323.899972271183,1971.8148045448825,corbelli_et_al_2014,derived_baryonic_velocity_pass_with_caveat,Observed rotation from Corbelli et al. 2014 Table 1. Baryonic velocity components derived from Table 1 surface densities using Phase 1D-D1 axisymmetric disk-gravity calculation. Fig. 12 corrected sanity check status: PASS_WITH_CAVEAT; stellar disk offset ~7-10 km/s at some spot-check radii. Fig. 12 digitization is not used as canonical data. Bulge set to zero following Corbelli et al. 2014 no-separate-bulge treatment.
M33,3.12,99.2,2.6,18.96277714841465,59.98893323105818,0.0,62.91469643398745,5882.3809726192085,1885.378516865131,corbelli_et_al_2014,derived_baryonic_velocity_pass_with_caveat,Observed rotation from Corbelli et al. 2014 Table 1. Baryonic velocity components derived from Table 1 surface densities using Phase 1D-D1 axisymmetric disk-gravity calculation. Fig. 12 corrected sanity check status: PASS_WITH_CAVEAT; stellar disk offset ~7-10 km/s at some spot-check radii. Fig. 12 digitization is not used as canonical data. Bulge set to zero following Corbelli et al. 2014 no-separate-bulge treatment.
M33,3.18,98.7,2.0,19.158233610407116,60.10031294801685,0.0,63.079993116046666,5762.604468479505,1812.1397699621084,corbelli_et_al_2014,derived_baryonic_velocity_pass_with_caveat,Observed rotation from Corbelli et al. 2014 Table 1. Baryonic velocity components derived from Table 1 surface densities using Phase 1D-D1 axisymmetric disk-gravity calculation. Fig. 12 corrected sanity check status: PASS_WITH_CAVEAT; stellar disk offset ~7-10 km/s at some spot-check radii. Fig. 12 digitization is not used as canonical data. Bulge set to zero following Corbelli et al. 2014 no-separate-bulge treatment.
M33,3.53,101.3,2.4,20.529669530515555,60.53975470724367,0.0,63.92596679789372,6175.160768954588,1749.3373283157475,corbelli_et_al_2014,derived_baryonic_velocity_pass_with_caveat,Observed rotation from Corbelli et al. 2014 Table 1. Baryonic velocity components derived from Table 1 surface densities using Phase 1D-D1 axisymmetric disk-gravity calculation. Fig. 12 corrected sanity check status: PASS_WITH_CAVEAT; stellar disk offset ~7-10 km/s at some spot-check radii. Fig. 12 digitization is not used as canonical data. Bulge set to zero following Corbelli et al. 2014 no-separate-bulge treatment.
M33,3.66,101.5,1.3,21.14937031244743,60.6166888932444,0.0,64.20030246808354,6180.571163006587,1688.680645630215,corbelli_et_al_2014,derived_baryonic_velocity_pass_with_caveat,Observed rotation from Corbelli et al. 2014 Table 1. Baryonic velocity components derived from Table 1 surface densities using Phase 1D-D1 axisymmetric disk-gravity calculation. Fig. 12 corrected sanity check status: PASS_WITH_CAVEAT; stellar disk offset ~7-10 km/s at some spot-check radii. Fig. 12 digitization is not used as canonical data. Bulge set to zero following Corbelli et al. 2014 no-separate-bulge treatment.
M33,4.15,106.3,2.8,23.40219032169477,60.65636472376627,0.0,65.01428376407281,7072.832906644617,1704.2970859384618,corbelli_et_al_2014,derived_baryonic_velocity_pass_with_caveat,Observed rotation from Corbelli et al. 2014 Table 1. Baryonic velocity components derived from Table 1 surface densities using Phase 1D-D1 axisymmetric disk-gravity calculation. Fig. 12 corrected sanity check status: PASS_WITH_CAVEAT; stellar disk offset ~7-10 km/s at some spot-check radii. Fig. 12 digitization is not used as canonical data. Bulge set to zero following Corbelli et al. 2014 no-separate-bulge treatment.
M33,4.64,109.4,1.4,25.426536207084297,60.251638048474206,0.0,65.39700781392459,7691.591368985487,1657.6705536606655,corbelli_et_al_2014,derived_baryonic_velocity_pass_with_caveat,Observed rotation from Corbelli et al. 2014 Table 1. Baryonic velocity components derived from Table 1 surface densities using Phase 1D-D1 axisymmetric disk-gravity calculation. Fig. 12 corrected sanity check status: PASS_WITH_CAVEAT; stellar disk offset ~7-10 km/s at some spot-check radii. Fig. 12 digitization is not used as canonical data. Bulge set to zero following Corbelli et al. 2014 no-separate-bulge treatment.
M33,5.13,108.8,1.6,27.2395860289965,59.51435924211822,0.0,65.45192130893489,7553.485996968994,1472.4144243604278,corbelli_et_al_2014,derived_baryonic_velocity_pass_with_caveat,Observed rotation from Corbelli et al. 2014 Table 1. Baryonic velocity components derived from Table 1 surface densities using Phase 1D-D1 axisymmetric disk-gravity calculation. Fig. 12 corrected sanity check status: PASS_WITH_CAVEAT; stellar disk offset ~7-10 km/s at some spot-check radii. Fig. 12 digitization is not used as canonical data. Bulge set to zero following Corbelli et al. 2014 no-separate-bulge treatment.
M33,5.62,107.3,2.7,29.088854000950914,58.53336614097445,0.0,65.3629587678068,7240.973621117987,1288.4294699498198,corbelli_et_al_2014,derived_baryonic_velocity_pass_with_caveat,Observed rotation from Corbelli et al. 2014 Table 1. Baryonic velocity components derived from Table 1 surface densities using Phase 1D-D1 axisymmetric disk-gravity calculation. Fig. 12 corrected sanity check status: PASS_WITH_CAVEAT; stellar disk offset ~7-10 km/s at some spot-check radii. Fig. 12 digitization is not used as canonical data. Bulge set to zero following Corbelli et al. 2014 no-separate-bulge treatment.
M33,6.11,108.2,2.2,31.13541991839776,57.38246984588406,0.0,65.2852373749897,7445.077780891247,1218.507001782528,corbelli_et_al_2014,derived_baryonic_velocity_pass_with_caveat,Observed rotation from Corbelli et al. 2014 Table 1. Baryonic velocity components derived from Table 1 surface densities using Phase 1D-D1 axisymmetric disk-gravity calculation. Fig. 12 corrected sanity check status: PASS_WITH_CAVEAT; stellar disk offset ~7-10 km/s at some spot-check radii. Fig. 12 digitization is not used as canonical data. Bulge set to zero following Corbelli et al. 2014 no-separate-bulge treatment.
M33,6.6,109.8,1.6,33.25487361383963,56.118238743802834,0.0,65.23145973208709,7800.8966612211,1181.9540395789545,corbelli_et_al_2014,derived_baryonic_velocity_pass_with_caveat,Observed rotation from Corbelli et al. 2014 Table 1. Baryonic velocity components derived from Table 1 surface densities using Phase 1D-D1 axisymmetric disk-gravity calculation. Fig. 12 corrected sanity check status: PASS_WITH_CAVEAT; stellar disk offset ~7-10 km/s at some spot-check radii. Fig. 12 digitization is not used as canonical data. Bulge set to zero following Corbelli et al. 2014 no-separate-bulge treatment.
M33,7.09,110.1,1.7,35.331641490962944,54.780474971465296,0.0,65.18608232241964,7872.784671454729,1110.4068648032057,corbelli_et_al_2014,derived_baryonic_velocity_pass_with_caveat,Observed rotation from Corbelli et al. 2014 Table 1. Baryonic velocity components derived from Table 1 surface densities using Phase 1D-D1 axisymmetric disk-gravity calculation. Fig. 12 corrected sanity check status: PASS_WITH_CAVEAT; stellar disk offset ~7-10 km/s at some spot-check radii. Fig. 12 digitization is not used as canonical data. Bulge set to zero following Corbelli et al. 2014 no-separate-bulge treatment.
M33,7.57,111.1,1.6,37.03693705744013,53.42911067153486,0.0,65.0108035156304,8116.805426252097,1072.2332135075426,corbelli_et_al_2014,derived_baryonic_velocity_pass_with_caveat,Observed rotation from Corbelli et al. 2014 Table 1. Baryonic velocity components derived from Table 1 surface densities using Phase 1D-D1 axisymmetric disk-gravity calculation. Fig. 12 corrected sanity check status: PASS_WITH_CAVEAT; stellar disk offset ~7-10 km/s at some spot-check radii. Fig. 12 digitization is not used as canonical data. Bulge set to zero following Corbelli et al. 2014 no-separate-bulge treatment.
M33,8.06,113.0,2.6,37.95003362051968,52.03493082689084,0.0,64.40371944195374,8621.160922042109,1069.622943181403,corbelli_et_al_2014,derived_baryonic_velocity_pass_with_caveat,Observed rotation from Corbelli et al. 2014 Table 1. Baryonic velocity components derived from Table 1 surface densities using Phase 1D-D1 axisymmetric disk-gravity calculation. Fig. 12 corrected sanity check status: PASS_WITH_CAVEAT; stellar disk offset ~7-10 km/s at some spot-check radii. Fig. 12 digitization is not used as canonical data. Bulge set to zero following Corbelli et al. 2014 no-separate-bulge treatment.
M33,8.55,113.9,2.4,38.0458091153513,50.64101121511324,0.0,63.340315819633965,8961.214391869027,1048.0952505109972,corbelli_et_al_2014,derived_baryonic_velocity_pass_with_caveat,Observed rotation from Corbelli et al. 2014 Table 1. Baryonic velocity components derived from Table 1 surface densities using Phase 1D-D1 axisymmetric disk-gravity calculation. Fig. 12 corrected sanity check status: PASS_WITH_CAVEAT; stellar disk offset ~7-10 km/s at some spot-check radii. Fig. 12 digitization is not used as canonical data. Bulge set to zero following Corbelli et al. 2014 no-separate-bulge treatment.
M33,9.04,115.1,3.2,37.666460676937554,49.254852778688395,0.0,62.0064737118436,9403.207217822448,1040.1777895821292,corbelli_et_al_2014,derived_baryonic_velocity_pass_with_caveat,Observed rotation from Corbelli et al. 2014 Table 1. Baryonic velocity components derived from Table 1 surface densities using Phase 1D-D1 axisymmetric disk-gravity calculation. Fig. 12 corrected sanity check status: PASS_WITH_CAVEAT; stellar disk offset ~7-10 km/s at some spot-check radii. Fig. 12 digitization is not used as canonical data. Bulge set to zero following Corbelli et al. 2014 no-separate-bulge treatment.
M33,9.53,116.3,3.1,36.907552826080696,47.87604950128653,0.0,60.45067056253037,9871.406428540424,1035.824389143801,corbelli_et_al_2014,derived_baryonic_velocity_pass_with_caveat,Observed rotation from Corbelli et al. 2014 Table 1. Baryonic velocity components derived from Table 1 surface densities using Phase 1D-D1 axisymmetric disk-gravity calculation. Fig. 12 corrected sanity check status: PASS_WITH_CAVEAT; stellar disk offset ~7-10 km/s at some spot-check radii. Fig. 12 digitization is not used as canonical data. Bulge set to zero following Corbelli et al. 2014 no-separate-bulge treatment.
M33,10.02,119.1,2.7,35.94848971173029,46.507310570999344,0.0,58.78115215867894,10729.586150898234,1070.8169811275684,corbelli_et_al_2014,derived_baryonic_velocity_pass_with_caveat,Observed rotation from Corbelli et al. 2014 Table 1. Baryonic velocity components derived from Table 1 surface densities using Phase 1D-D1 axisymmetric disk-gravity calculation. Fig. 12 corrected sanity check status: PASS_WITH_CAVEAT; stellar disk offset ~7-10 km/s at some spot-check radii. Fig. 12 digitization is not used as canonical data. Bulge set to zero following Corbelli et al. 2014 no-separate-bulge treatment.
M33,10.51,121.0,2.7,34.9976166379697,45.236825807197214,0.0,57.19443661274231,11369.796420551002,1081.8074615176977,corbelli_et_al_2014,derived_baryonic_velocity_pass_with_caveat,Observed rotation from Corbelli et al. 2014 Table 1. Baryonic velocity components derived from Table 1 surface densities using Phase 1D-D1 axisymmetric disk-gravity calculation. Fig. 12 corrected sanity check status: PASS_WITH_CAVEAT; stellar disk offset ~7-10 km/s at some spot-check radii. Fig. 12 digitization is not used as canonical data. Bulge set to zero following Corbelli et al. 2014 no-separate-bulge treatment.
M33,10.99,121.5,2.1,34.150401192232295,44.15136242070421,0.0,55.81749461588896,11646.657294805207,1059.750436288008,corbelli_et_al_2014,derived_baryonic_velocity_pass_with_caveat,Observed rotation from Corbelli et al. 2014 Table 1. Baryonic velocity components derived from Table 1 surface densities using Phase 1D-D1 axisymmetric disk-gravity calculation. Fig. 12 corrected sanity check status: PASS_WITH_CAVEAT; stellar disk offset ~7-10 km/s at some spot-check radii. Fig. 12 digitization is not used as canonical data. Bulge set to zero following Corbelli et al. 2014 no-separate-bulge treatment.
M33,11.48,118.6,2.0,33.4042426442843,43.169348826100155,0.0,54.58421113021362,11086.523895292263,965.7250779871308,corbelli_et_al_2014,derived_baryonic_velocity_pass_with_caveat,Observed rotation from Corbelli et al. 2014 Table 1. Baryonic velocity components derived from Table 1 surface densities using Phase 1D-D1 axisymmetric disk-gravity calculation. Fig. 12 corrected sanity check status: PASS_WITH_CAVEAT; stellar disk offset ~7-10 km/s at some spot-check radii. Fig. 12 digitization is not used as canonical data. Bulge set to zero following Corbelli et al. 2014 no-separate-bulge treatment.
M33,11.97,118.7,1.9,32.74472435785675,42.28418982401253,0.0,53.48055424493226,11229.520317654858,938.138706570999,corbelli_et_al_2014,derived_baryonic_velocity_pass_with_caveat,Observed rotation from Corbelli et al. 2014 Table 1. Baryonic velocity components derived from Table 1 surface densities using Phase 1D-D1 axisymmetric disk-gravity calculation. Fig. 12 corrected sanity check status: PASS_WITH_CAVEAT; stellar disk offset ~7-10 km/s at some spot-check radii. Fig. 12 digitization is not used as canonical data. Bulge set to zero following Corbelli et al. 2014 no-separate-bulge treatment.
M33,12.46,117.2,1.9,32.104031585414035,41.47596992267789,0.0,52.449260481575365,10984.915074935856,881.6143719852212,corbelli_et_al_2014,derived_baryonic_velocity_pass_with_caveat,Observed rotation from Corbelli et al. 2014 Table 1. Baryonic velocity components derived from Table 1 surface densities using Phase 1D-D1 axisymmetric disk-gravity calculation. Fig. 12 corrected sanity check status: PASS_WITH_CAVEAT; stellar disk offset ~7-10 km/s at some spot-check radii. Fig. 12 digitization is not used as canonical data. Bulge set to zero following Corbelli et al. 2014 no-separate-bulge treatment.
M33,12.95,116.2,2.0,31.46394275929051,40.73152441916574,0.0,51.46879419093675,10853.403224530997,838.1006350989187,corbelli_et_al_2014,derived_baryonic_velocity_pass_with_caveat,Observed rotation from Corbelli et al. 2014 Table 1. Baryonic velocity components derived from Table 1 surface densities using Phase 1D-D1 axisymmetric disk-gravity calculation. Fig. 12 corrected sanity check status: PASS_WITH_CAVEAT; stellar disk offset ~7-10 km/s at some spot-check radii. Fig. 12 digitization is not used as canonical data. Bulge set to zero following Corbelli et al. 2014 no-separate-bulge treatment.
M33,13.44,118.3,2.4,30.832346830624623,40.04092957339189,0.0,50.53622119020434,11440.98034781474,851.2634187362158,corbelli_et_al_2014,derived_baryonic_velocity_pass_with_caveat,Observed rotation from Corbelli et al. 2014 Table 1. Baryonic velocity components derived from Table 1 surface densities using Phase 1D-D1 axisymmetric disk-gravity calculation. Fig. 12 corrected sanity check status: PASS_WITH_CAVEAT; stellar disk offset ~7-10 km/s at some spot-check radii. Fig. 12 digitization is not used as canonical data. Bulge set to zero following Corbelli et al. 2014 no-separate-bulge treatment.
M33,13.93,119.0,2.4,30.24211876209089,39.39198266985211,0.0,49.66199800533945,11694.68595411766,839.5323728727682,corbelli_et_al_2014,derived_baryonic_velocity_pass_with_caveat,Observed rotation from Corbelli et al. 2014 Table 1. Baryonic velocity components derived from Table 1 surface densities using Phase 1D-D1 axisymmetric disk-gravity calculation. Fig. 12 corrected sanity check status: PASS_WITH_CAVEAT; stellar disk offset ~7-10 km/s at some spot-check radii. Fig. 12 digitization is not used as canonical data. Bulge set to zero following Corbelli et al. 2014 no-separate-bulge treatment.
M33,14.41,121.3,2.9,29.753883208434292,38.7914920947878,0.0,48.88837719664186,12323.616575078868,855.2128088187972,corbelli_et_al_2014,derived_baryonic_velocity_pass_with_caveat,Observed rotation from Corbelli et al. 2014 Table 1. Baryonic velocity components derived from Table 1 surface densities using Phase 1D-D1 axisymmetric disk-gravity calculation. Fig. 12 corrected sanity check status: PASS_WITH_CAVEAT; stellar disk offset ~7-10 km/s at some spot-check radii. Fig. 12 digitization is not used as canonical data. Bulge set to zero following Corbelli et al. 2014 no-separate-bulge treatment.
M33,14.9,121.4,3.7,29.351502113732135,38.212638337960925,0.0,48.184192481354536,12416.243594919779,833.304939256361,corbelli_et_al_2014,derived_baryonic_velocity_pass_with_caveat,Observed rotation from Corbelli et al. 2014 Table 1. Baryonic velocity components derived from Table 1 surface densities using Phase 1D-D1 axisymmetric disk-gravity calculation. Fig. 12 corrected sanity check status: PASS_WITH_CAVEAT; stellar disk offset ~7-10 km/s at some spot-check radii. Fig. 12 digitization is not used as canonical data. Bulge set to zero following Corbelli et al. 2014 no-separate-bulge treatment.
M33,15.39,120.3,3.4,28.9561673676202,37.66675982112075,0.0,47.510466468385985,12214.845575956371,793.6871719269897,corbelli_et_al_2014,derived_baryonic_velocity_pass_with_caveat,Observed rotation from Corbelli et al. 2014 Table 1. Baryonic velocity components derived from Table 1 surface densities using Phase 1D-D1 axisymmetric disk-gravity calculation. Fig. 12 corrected sanity check status: PASS_WITH_CAVEAT; stellar disk offset ~7-10 km/s at some spot-check radii. Fig. 12 digitization is not used as canonical data. Bulge set to zero following Corbelli et al. 2014 no-separate-bulge treatment.
M33,15.88,121.9,4.2,28.522415205786505,37.14696246418255,0.0,46.83401530390778,12666.185010513333,797.6187034328294,corbelli_et_al_2014,derived_baryonic_velocity_pass_with_caveat,Observed rotation from Corbelli et al. 2014 Table 1. Baryonic velocity components derived from Table 1 surface densities using Phase 1D-D1 axisymmetric disk-gravity calculation. Fig. 12 corrected sanity check status: PASS_WITH_CAVEAT; stellar disk offset ~7-10 km/s at some spot-check radii. Fig. 12 digitization is not used as canonical data. Bulge set to zero following Corbelli et al. 2014 no-separate-bulge treatment.
M33,16.37,126.3,7.2,28.112180543579935,36.64739617881451,0.0,46.18794584739424,13818.363658398175,844.1272851800961,corbelli_et_al_2014,derived_baryonic_velocity_pass_with_caveat,Observed rotation from Corbelli et al. 2014 Table 1. Baryonic velocity components derived from Table 1 surface densities using Phase 1D-D1 axisymmetric disk-gravity calculation. Fig. 12 corrected sanity check status: PASS_WITH_CAVEAT; stellar disk offset ~7-10 km/s at some spot-check radii. Fig. 12 digitization is not used as canonical data. Bulge set to zero following Corbelli et al. 2014 no-separate-bulge treatment.
M33,16.86,126.3,4.5,27.740295144297036,36.168959236520415,0.0,45.58198752737516,13873.972413054214,822.8927884373793,corbelli_et_al_2014,derived_baryonic_velocity_pass_with_caveat,Observed rotation from Corbelli et al. 2014 Table 1. Baryonic velocity components derived from Table 1 surface densities using Phase 1D-D1 axisymmetric disk-gravity calculation. Fig. 12 corrected sanity check status: PASS_WITH_CAVEAT; stellar disk offset ~7-10 km/s at some spot-check radii. Fig. 12 digitization is not used as canonical data. Bulge set to zero following Corbelli et al. 2014 no-separate-bulge treatment.
M33,17.35,127.2,5.5,27.341627111391833,35.71293909528315,0.0,44.97753430238034,14156.861408078199,815.9574298604149,corbelli_et_al_2014,derived_baryonic_velocity_pass_with_caveat,Observed rotation from Corbelli et al. 2014 Table 1. Baryonic velocity components derived from Table 1 surface densities using Phase 1D-D1 axisymmetric disk-gravity calculation. Fig. 12 corrected sanity check status: PASS_WITH_CAVEAT; stellar disk offset ~7-10 km/s at some spot-check radii. Fig. 12 digitization is not used as canonical data. Bulge set to zero following Corbelli et al. 2014 no-separate-bulge treatment.
M33,17.84,126.2,4.7,26.90580466854117,35.27551749831198,0.0,44.36535201748551,13958.155540364594,782.4078217693159,corbelli_et_al_2014,derived_baryonic_velocity_pass_with_caveat,Observed rotation from Corbelli et al. 2014 Table 1. Baryonic velocity components derived from Table 1 surface densities using Phase 1D-D1 axisymmetric disk-gravity calculation. Fig. 12 corrected sanity check status: PASS_WITH_CAVEAT; stellar disk offset ~7-10 km/s at some spot-check radii. Fig. 12 digitization is not used as canonical data. Bulge set to zero following Corbelli et al. 2014 no-separate-bulge treatment.
M33,18.32,124.2,12.2,26.47160891275059,34.86180674851519,0.0,43.77318412225041,13509.548351799565,737.4207615611116,corbelli_et_al_2014,derived_baryonic_velocity_pass_with_caveat,Observed rotation from Corbelli et al. 2014 Table 1. Baryonic velocity components derived from Table 1 surface densities using Phase 1D-D1 axisymmetric disk-gravity calculation. Fig. 12 corrected sanity check status: PASS_WITH_CAVEAT; stellar disk offset ~7-10 km/s at some spot-check radii. Fig. 12 digitization is not used as canonical data. Bulge set to zero following Corbelli et al. 2014 no-separate-bulge treatment.
M33,18.81,127.2,13.3,26.07988805465909,34.45601031071542,0.0,43.21316011906185,14312.462792524322,760.896480197997,corbelli_et_al_2014,derived_baryonic_velocity_pass_with_caveat,Observed rotation from Corbelli et al. 2014 Table 1. Baryonic velocity components derived from Table 1 surface densities using Phase 1D-D1 axisymmetric disk-gravity calculation. Fig. 12 corrected sanity check status: PASS_WITH_CAVEAT; stellar disk offset ~7-10 km/s at some spot-check radii. Fig. 12 digitization is not used as canonical data. Bulge set to zero following Corbelli et al. 2014 no-separate-bulge treatment.
M33,19.3,120.2,14.2,25.806724417939964,34.06721330555016,0.0,42.73829720039572,12621.477952410649,653.9625882078057,corbelli_et_al_2014,derived_baryonic_velocity_pass_with_caveat,Observed rotation from Corbelli et al. 2014 Table 1. Baryonic velocity components derived from Table 1 surface densities using Phase 1D-D1 axisymmetric disk-gravity calculation. Fig. 12 corrected sanity check status: PASS_WITH_CAVEAT; stellar disk offset ~7-10 km/s at some spot-check radii. Fig. 12 digitization is not used as canonical data. Bulge set to zero following Corbelli et al. 2014 no-separate-bulge treatment.
M33,19.79,121.8,13.2,25.62854986109218,33.69737471926033,0.0,42.33598505943535,13042.904369047266,659.0654052070372,corbelli_et_al_2014,derived_baryonic_velocity_pass_with_caveat,Observed rotation from Corbelli et al. 2014 Table 1. Baryonic velocity components derived from Table 1 surface densities using Phase 1D-D1 axisymmetric disk-gravity calculation. Fig. 12 corrected sanity check status: PASS_WITH_CAVEAT; stellar disk offset ~7-10 km/s at some spot-check radii. Fig. 12 digitization is not used as canonical data. Bulge set to zero following Corbelli et al. 2014 no-separate-bulge treatment.
M33,20.28,136.0,19.1,25.447005774385,33.343431553981254,0.0,41.94442192564604,16736.665469323383,825.2793623926717,corbelli_et_al_2014,derived_baryonic_velocity_pass_with_caveat,Observed rotation from Corbelli et al. 2014 Table 1. Baryonic velocity components derived from Table 1 surface densities using Phase 1D-D1 axisymmetric disk-gravity calculation. Fig. 12 corrected sanity check status: PASS_WITH_CAVEAT; stellar disk offset ~7-10 km/s at some spot-check radii. Fig. 12 digitization is not used as canonical data. Bulge set to zero following Corbelli et al. 2014 no-separate-bulge treatment.
M33,20.77,128.3,14.3,25.20405180440156,33.00013792262434,0.0,41.52412949444198,14736.636669728818,709.5154872281569,corbelli_et_al_2014,derived_baryonic_velocity_pass_with_caveat,Observed rotation from Corbelli et al. 2014 Table 1. Baryonic velocity components derived from Table 1 surface densities using Phase 1D-D1 axisymmetric disk-gravity calculation. Fig. 12 corrected sanity check status: PASS_WITH_CAVEAT; stellar disk offset ~7-10 km/s at some spot-check radii. Fig. 12 digitization is not used as canonical data. Bulge set to zero following Corbelli et al. 2014 no-separate-bulge treatment.
M33,21.26,127.4,15.4,24.938124978360943,32.67100633853104,0.0,41.101152448668465,14541.455267391317,683.9819034520845,corbelli_et_al_2014,derived_baryonic_velocity_pass_with_caveat,Observed rotation from Corbelli et al. 2014 Table 1. Baryonic velocity components derived from Table 1 surface densities using Phase 1D-D1 axisymmetric disk-gravity calculation. Fig. 12 corrected sanity check status: PASS_WITH_CAVEAT; stellar disk offset ~7-10 km/s at some spot-check radii. Fig. 12 digitization is not used as canonical data. Bulge set to zero following Corbelli et al. 2014 no-separate-bulge treatment.
M33,21.74,120.1,13.1,24.694924621252746,32.367555359823704,0.0,40.712380697038675,12766.512057979391,587.2360652244431,corbelli_et_al_2014,derived_baryonic_velocity_pass_with_caveat,Observed rotation from Corbelli et al. 2014 Table 1. Baryonic velocity components derived from Table 1 surface densities using Phase 1D-D1 axisymmetric disk-gravity calculation. Fig. 12 corrected sanity check status: PASS_WITH_CAVEAT; stellar disk offset ~7-10 km/s at some spot-check radii. Fig. 12 digitization is not used as canonical data. Bulge set to zero following Corbelli et al. 2014 no-separate-bulge treatment.
M33,22.23,112.2,14.9,24.471642102162615,32.07702390373231,0.0,40.34596299131986,10961.04327030305,493.0743711337404,corbelli_et_al_2014,derived_baryonic_velocity_pass_with_caveat,Observed rotation from Corbelli et al. 2014 Table 1. Baryonic velocity components derived from Table 1 surface densities using Phase 1D-D1 axisymmetric disk-gravity calculation. Fig. 12 corrected sanity check status: PASS_WITH_CAVEAT; stellar disk offset ~7-10 km/s at some spot-check radii. Fig. 12 digitization is not used as canonical data. Bulge set to zero following Corbelli et al. 2014 no-separate-bulge treatment.
M33,22.72,119.6,13.4,24.268278539451405,31.8032545868858,0.0,40.00495401305531,12703.763654413327,559.1445270428402,corbelli_et_al_2014,derived_baryonic_velocity_pass_with_caveat,Observed rotation from Corbelli et al. 2014 Table 1. Baryonic velocity components derived from Table 1 surface densities using Phase 1D-D1 axisymmetric disk-gravity calculation. Fig. 12 corrected sanity check status: PASS_WITH_CAVEAT; stellar disk offset ~7-10 km/s at some spot-check radii. Fig. 12 digitization is not used as canonical data. Bulge set to zero following Corbelli et al. 2014 no-separate-bulge treatment.
