galaxy_id,r_kpc,delta_v2_kms2,missing_acceleration_proxy,sign_flag,d_delta_v2_dr_kms2_per_kpc,smoothness_proxy_d2_delta_v2_dr2,residual_spike_flag,source_id,data_quality_flag,notes
M33,0.24,1118.9810317994602,4662.420965831085,positive,-10164.358302502505,50791.073952654304,True,corbelli_et_al_2014,derived_baryonic_velocity_pass_with_caveat,Observed rotation from Corbelli et al. 2014 Table 1. Baryonic velocity components derived from Table 1 surface densities using Phase 1D-D1 axisymmetric disk-gravity calculation. Fig. 12 corrected sanity check status: PASS_WITH_CAVEAT; stellar disk offset ~7-10 km/s at some spot-check radii. Fig. 12 digitization is not used as canonical data. Bulge set to zero following Corbelli et al. 2014 no-separate-bulge treatment.
M33,0.28,712.4066996993596,2544.3096417834267,positive,-8132.715344396332,51712.936828270846,True,corbelli_et_al_2014,derived_baryonic_velocity_pass_with_caveat,Observed rotation from Corbelli et al. 2014 Table 1. Baryonic velocity components derived from Table 1 surface densities using Phase 1D-D1 axisymmetric disk-gravity calculation. Fig. 12 corrected sanity check status: PASS_WITH_CAVEAT; stellar disk offset ~7-10 km/s at some spot-check radii. Fig. 12 digitization is not used as canonical data. Bulge set to zero following Corbelli et al. 2014 no-separate-bulge treatment.
M33,0.46,894.1487337740182,1943.801595160909,positive,1922.322213941823,26871.91841352493,False,corbelli_et_al_2014,derived_baryonic_velocity_pass_with_caveat,Observed rotation from Corbelli et al. 2014 Table 1. Baryonic velocity components derived from Table 1 surface densities using Phase 1D-D1 axisymmetric disk-gravity calculation. Fig. 12 corrected sanity check status: PASS_WITH_CAVEAT; stellar disk offset ~7-10 km/s at some spot-check radii. Fig. 12 digitization is not used as canonical data. Bulge set to zero following Corbelli et al. 2014 no-separate-bulge treatment.
M33,0.64,1404.4426967184158,2194.4417136225247,positive,1541.1752844726434,531.9228268541428,False,corbelli_et_al_2014,derived_baryonic_velocity_pass_with_caveat,Observed rotation from Corbelli et al. 2014 Table 1. Baryonic velocity components derived from Table 1 surface densities using Phase 1D-D1 axisymmetric disk-gravity calculation. Fig. 12 corrected sanity check status: PASS_WITH_CAVEAT; stellar disk offset ~7-10 km/s at some spot-check radii. Fig. 12 digitization is not used as canonical data. Bulge set to zero following Corbelli et al. 2014 no-separate-bulge treatment.
M33,0.73,1484.9278693861231,2034.1477662823604,positive,1708.2715984652477,2944.41157503425,False,corbelli_et_al_2014,derived_baryonic_velocity_pass_with_caveat,Observed rotation from Corbelli et al. 2014 Table 1. Baryonic velocity components derived from Table 1 surface densities using Phase 1D-D1 axisymmetric disk-gravity calculation. Fig. 12 corrected sanity check status: PASS_WITH_CAVEAT; stellar disk offset ~7-10 km/s at some spot-check radii. Fig. 12 digitization is not used as canonical data. Bulge set to zero following Corbelli et al. 2014 no-separate-bulge treatment.
M33,0.82,1711.9315844421603,2087.721444441659,positive,2071.169367978808,3210.5657735870586,False,corbelli_et_al_2014,derived_baryonic_velocity_pass_with_caveat,Observed rotation from Corbelli et al. 2014 Table 1. Baryonic velocity components derived from Table 1 surface densities using Phase 1D-D1 axisymmetric disk-gravity calculation. Fig. 12 corrected sanity check status: PASS_WITH_CAVEAT; stellar disk offset ~7-10 km/s at some spot-check radii. Fig. 12 digitization is not used as canonical data. Bulge set to zero following Corbelli et al. 2014 no-separate-bulge treatment.
M33,1.08,1911.613804930841,1770.0127823433713,positive,2288.779795949342,888.6048694845795,False,corbelli_et_al_2014,derived_baryonic_velocity_pass_with_caveat,Observed rotation from Corbelli et al. 2014 Table 1. Baryonic velocity components derived from Table 1 surface densities using Phase 1D-D1 axisymmetric disk-gravity calculation. Fig. 12 corrected sanity check status: PASS_WITH_CAVEAT; stellar disk offset ~7-10 km/s at some spot-check radii. Fig. 12 digitization is not used as canonical data. Bulge set to zero following Corbelli et al. 2014 no-separate-bulge treatment.
M33,1.22,2346.685732555756,1923.512895537505,positive,2417.077466237404,1368.9875475688657,False,corbelli_et_al_2014,derived_baryonic_velocity_pass_with_caveat,Observed rotation from Corbelli et al. 2014 Table 1. Baryonic velocity components derived from Table 1 surface densities using Phase 1D-D1 axisymmetric disk-gravity calculation. Fig. 12 corrected sanity check status: PASS_WITH_CAVEAT; stellar disk offset ~7-10 km/s at some spot-check radii. Fig. 12 digitization is not used as canonical data. Bulge set to zero following Corbelli et al. 2014 no-separate-bulge treatment.
M33,1.45,2641.6732816064905,1821.8436424872348,positive,1238.6558131775064,1053.3760711808982,False,corbelli_et_al_2014,derived_baryonic_velocity_pass_with_caveat,Observed rotation from Corbelli et al. 2014 Table 1. Baryonic velocity components derived from Table 1 surface densities using Phase 1D-D1 axisymmetric disk-gravity calculation. Fig. 12 corrected sanity check status: PASS_WITH_CAVEAT; stellar disk offset ~7-10 km/s at some spot-check radii. Fig. 12 digitization is not used as canonical data. Bulge set to zero following Corbelli et al. 2014 no-separate-bulge treatment.
M33,1.71,2950.8213784287527,1725.626537092838,positive,2161.061826582165,2771.5726432853426,False,corbelli_et_al_2014,derived_baryonic_velocity_pass_with_caveat,Observed rotation from Corbelli et al. 2014 Table 1. Baryonic velocity components derived from Table 1 surface densities using Phase 1D-D1 axisymmetric disk-gravity calculation. Fig. 12 corrected sanity check status: PASS_WITH_CAVEAT; stellar disk offset ~7-10 km/s at some spot-check radii. Fig. 12 digitization is not used as canonical data. Bulge set to zero following Corbelli et al. 2014 no-separate-bulge treatment.
M33,1.87,3392.2989073546946,1814.0635868206923,positive,2528.0932360543875,4597.620128562015,False,corbelli_et_al_2014,derived_baryonic_velocity_pass_with_caveat,Observed rotation from Corbelli et al. 2014 Table 1. Baryonic velocity components derived from Table 1 surface densities using Phase 1D-D1 axisymmetric disk-gravity calculation. Fig. 12 corrected sanity check status: PASS_WITH_CAVEAT; stellar disk offset ~7-10 km/s at some spot-check radii. Fig. 12 digitization is not used as canonical data. Bulge set to zero following Corbelli et al. 2014 no-separate-bulge treatment.
M33,2.2,4069.2491145095423,1849.658688413428,positive,5613.245871782179,2076.103528218664,True,corbelli_et_al_2014,derived_baryonic_velocity_pass_with_caveat,Observed rotation from Corbelli et al. 2014 Table 1. Baryonic velocity components derived from Table 1 surface densities using Phase 1D-D1 axisymmetric disk-gravity calculation. Fig. 12 corrected sanity check status: PASS_WITH_CAVEAT; stellar disk offset ~7-10 km/s at some spot-check radii. Fig. 12 digitization is not used as canonical data. Bulge set to zero following Corbelli et al. 2014 no-separate-bulge treatment.
M33,2.28,4587.387700279782,2012.0121492455185,positive,5638.285061137378,5283.144850532771,True,corbelli_et_al_2014,derived_baryonic_velocity_pass_with_caveat,Observed rotation from Corbelli et al. 2014 Table 1. Baryonic velocity components derived from Table 1 surface densities using Phase 1D-D1 axisymmetric disk-gravity calculation. Fig. 12 corrected sanity check status: PASS_WITH_CAVEAT; stellar disk offset ~7-10 km/s at some spot-check radii. Fig. 12 digitization is not used as canonical data. Bulge set to zero following Corbelli et al. 2014 no-separate-bulge treatment.
M33,2.69,5137.2972681894935,1909.7759361299234,positive,18247.912609130202,1642.2385198133998,True,corbelli_et_al_2014,derived_baryonic_velocity_pass_with_caveat,Observed rotation from Corbelli et al. 2014 Table 1. Baryonic velocity components derived from Table 1 surface densities using Phase 1D-D1 axisymmetric disk-gravity calculation. Fig. 12 corrected sanity check status: PASS_WITH_CAVEAT; stellar disk offset ~7-10 km/s at some spot-check radii. Fig. 12 digitization is not used as canonical data. Bulge set to zero following Corbelli et al. 2014 no-separate-bulge treatment.
M33,2.7,5323.899972271183,1971.8148045448825,positive,18257.234274664523,187.94808272749782,True,corbelli_et_al_2014,derived_baryonic_velocity_pass_with_caveat,Observed rotation from Corbelli et al. 2014 Table 1. Baryonic velocity components derived from Table 1 surface densities using Phase 1D-D1 axisymmetric disk-gravity calculation. Fig. 12 corrected sanity check status: PASS_WITH_CAVEAT; stellar disk offset ~7-10 km/s at some spot-check radii. Fig. 12 digitization is not used as canonical data. Bulge set to zero following Corbelli et al. 2014 no-separate-bulge treatment.
M33,3.12,5882.3809726192085,1885.378516865131,positive,-1580.5261019337631,5191.170786752846,False,corbelli_et_al_2014,derived_baryonic_velocity_pass_with_caveat,Observed rotation from Corbelli et al. 2014 Table 1. Baryonic velocity components derived from Table 1 surface densities using Phase 1D-D1 axisymmetric disk-gravity calculation. Fig. 12 corrected sanity check status: PASS_WITH_CAVEAT; stellar disk offset ~7-10 km/s at some spot-check radii. Fig. 12 digitization is not used as canonical data. Bulge set to zero following Corbelli et al. 2014 no-separate-bulge treatment.
M33,3.18,5762.604468479505,1812.1397699621084,positive,-1531.6398461560334,1482.1117421908407,False,corbelli_et_al_2014,derived_baryonic_velocity_pass_with_caveat,Observed rotation from Corbelli et al. 2014 Table 1. Baryonic velocity components derived from Table 1 surface densities using Phase 1D-D1 axisymmetric disk-gravity calculation. Fig. 12 corrected sanity check status: PASS_WITH_CAVEAT; stellar disk offset ~7-10 km/s at some spot-check radii. Fig. 12 digitization is not used as canonical data. Bulge set to zero following Corbelli et al. 2014 no-separate-bulge treatment.
M33,3.53,6175.160768954588,1749.3373283157475,positive,349.58675592485815,1820.9433932868162,False,corbelli_et_al_2014,derived_baryonic_velocity_pass_with_caveat,Observed rotation from Corbelli et al. 2014 Table 1. Baryonic velocity components derived from Table 1 surface densities using Phase 1D-D1 axisymmetric disk-gravity calculation. Fig. 12 corrected sanity check status: PASS_WITH_CAVEAT; stellar disk offset ~7-10 km/s at some spot-check radii. Fig. 12 digitization is not used as canonical data. Bulge set to zero following Corbelli et al. 2014 no-separate-bulge treatment.
M33,3.66,6180.571163006587,1688.680645630215,positive,414.70246314295537,878.1890652331998,False,corbelli_et_al_2014,derived_baryonic_velocity_pass_with_caveat,Observed rotation from Corbelli et al. 2014 Table 1. Baryonic velocity components derived from Table 1 surface densities using Phase 1D-D1 axisymmetric disk-gravity calculation. Fig. 12 corrected sanity check status: PASS_WITH_CAVEAT; stellar disk offset ~7-10 km/s at some spot-check radii. Fig. 12 digitization is not used as canonical data. Bulge set to zero following Corbelli et al. 2014 no-separate-bulge treatment.
M33,4.15,7072.832906644617,1704.2970859384618,positive,1541.8573530396925,77.30599379870853,False,corbelli_et_al_2014,derived_baryonic_velocity_pass_with_caveat,Observed rotation from Corbelli et al. 2014 Table 1. Baryonic velocity components derived from Table 1 surface densities using Phase 1D-D1 axisymmetric disk-gravity calculation. Fig. 12 corrected sanity check status: PASS_WITH_CAVEAT; stellar disk offset ~7-10 km/s at some spot-check radii. Fig. 12 digitization is not used as canonical data. Bulge set to zero following Corbelli et al. 2014 no-separate-bulge treatment.
M33,4.64,7691.591368985487,1657.6705536606655,positive,490.46233706569365,2042.5218178325692,False,corbelli_et_al_2014,derived_baryonic_velocity_pass_with_caveat,Observed rotation from Corbelli et al. 2014 Table 1. Baryonic velocity components derived from Table 1 surface densities using Phase 1D-D1 axisymmetric disk-gravity calculation. Fig. 12 corrected sanity check status: PASS_WITH_CAVEAT; stellar disk offset ~7-10 km/s at some spot-check radii. Fig. 12 digitization is not used as canonical data. Bulge set to zero following Corbelli et al. 2014 no-separate-bulge treatment.
M33,5.13,7553.485996968994,1472.4144243604278,positive,-459.81402843622436,613.3499650167925,False,corbelli_et_al_2014,derived_baryonic_velocity_pass_with_caveat,Observed rotation from Corbelli et al. 2014 Table 1. Baryonic velocity components derived from Table 1 surface densities using Phase 1D-D1 axisymmetric disk-gravity calculation. Fig. 12 corrected sanity check status: PASS_WITH_CAVEAT; stellar disk offset ~7-10 km/s at some spot-check radii. Fig. 12 digitization is not used as canonical data. Bulge set to zero following Corbelli et al. 2014 no-separate-bulge treatment.
M33,5.62,7240.973621117987,1288.4294699498198,positive,-110.62062865076314,1052.2082340385377,False,corbelli_et_al_2014,derived_baryonic_velocity_pass_with_caveat,Observed rotation from Corbelli et al. 2014 Table 1. Baryonic velocity components derived from Table 1 surface densities using Phase 1D-D1 axisymmetric disk-gravity calculation. Fig. 12 corrected sanity check status: PASS_WITH_CAVEAT; stellar disk offset ~7-10 km/s at some spot-check radii. Fig. 12 digitization is not used as canonical data. Bulge set to zero following Corbelli et al. 2014 no-separate-bulge treatment.
M33,6.11,7445.077780891247,1218.507001782528,positive,571.350040921543,558.2206441495532,False,corbelli_et_al_2014,derived_baryonic_velocity_pass_with_caveat,Observed rotation from Corbelli et al. 2014 Table 1. Baryonic velocity components derived from Table 1 surface densities using Phase 1D-D1 axisymmetric disk-gravity calculation. Fig. 12 corrected sanity check status: PASS_WITH_CAVEAT; stellar disk offset ~7-10 km/s at some spot-check radii. Fig. 12 digitization is not used as canonical data. Bulge set to zero following Corbelli et al. 2014 no-separate-bulge treatment.
M33,6.6,7800.8966612211,1181.9540395789545,positive,436.43560261580024,246.87998231393084,False,corbelli_et_al_2014,derived_baryonic_velocity_pass_with_caveat,Observed rotation from Corbelli et al. 2014 Table 1. Baryonic velocity components derived from Table 1 surface densities using Phase 1D-D1 axisymmetric disk-gravity calculation. Fig. 12 corrected sanity check status: PASS_WITH_CAVEAT; stellar disk offset ~7-10 km/s at some spot-check radii. Fig. 12 digitization is not used as canonical data. Bulge set to zero following Corbelli et al. 2014 no-separate-bulge treatment.
M33,7.09,7872.784671454729,1110.4068648032057,positive,329.407658253891,351.5454309437219,False,corbelli_et_al_2014,derived_baryonic_velocity_pass_with_caveat,Observed rotation from Corbelli et al. 2014 Table 1. Baryonic velocity components derived from Table 1 surface densities using Phase 1D-D1 axisymmetric disk-gravity calculation. Fig. 12 corrected sanity check status: PASS_WITH_CAVEAT; stellar disk offset ~7-10 km/s at some spot-check radii. Fig. 12 digitization is not used as canonical data. Bulge set to zero following Corbelli et al. 2014 no-separate-bulge treatment.
M33,7.57,8116.805426252097,1072.2332135075426,positive,766.1515948561755,556.0661811114431,False,corbelli_et_al_2014,derived_baryonic_velocity_pass_with_caveat,Observed rotation from Corbelli et al. 2014 Table 1. Baryonic velocity components derived from Table 1 surface densities using Phase 1D-D1 axisymmetric disk-gravity calculation. Fig. 12 corrected sanity check status: PASS_WITH_CAVEAT; stellar disk offset ~7-10 km/s at some spot-check radii. Fig. 12 digitization is not used as canonical data. Bulge set to zero following Corbelli et al. 2014 no-separate-bulge treatment.
M33,8.06,8621.160922042109,1069.622943181403,positive,861.6418016499283,32.50492796885692,False,corbelli_et_al_2014,derived_baryonic_velocity_pass_with_caveat,Observed rotation from Corbelli et al. 2014 Table 1. Baryonic velocity components derived from Table 1 surface densities using Phase 1D-D1 axisymmetric disk-gravity calculation. Fig. 12 corrected sanity check status: PASS_WITH_CAVEAT; stellar disk offset ~7-10 km/s at some spot-check radii. Fig. 12 digitization is not used as canonical data. Bulge set to zero following Corbelli et al. 2014 no-separate-bulge treatment.
M33,8.55,8961.214391869027,1048.0952505109972,positive,798.0064242656554,68.4954925598364,False,corbelli_et_al_2014,derived_baryonic_velocity_pass_with_caveat,Observed rotation from Corbelli et al. 2014 Table 1. Baryonic velocity components derived from Table 1 surface densities using Phase 1D-D1 axisymmetric disk-gravity calculation. Fig. 12 corrected sanity check status: PASS_WITH_CAVEAT; stellar disk offset ~7-10 km/s at some spot-check radii. Fig. 12 digitization is not used as canonical data. Bulge set to zero following Corbelli et al. 2014 no-separate-bulge treatment.
M33,9.04,9403.207217822448,1040.1777895821292,positive,928.7673843585671,566.7770067632674,False,corbelli_et_al_2014,derived_baryonic_velocity_pass_with_caveat,Observed rotation from Corbelli et al. 2014 Table 1. Baryonic velocity components derived from Table 1 surface densities using Phase 1D-D1 axisymmetric disk-gravity calculation. Fig. 12 corrected sanity check status: PASS_WITH_CAVEAT; stellar disk offset ~7-10 km/s at some spot-check radii. Fig. 12 digitization is not used as canonical data. Bulge set to zero following Corbelli et al. 2014 no-separate-bulge treatment.
M33,9.53,9871.406428540424,1035.824389143801,positive,1353.447890893658,612.4510155551654,False,corbelli_et_al_2014,derived_baryonic_velocity_pass_with_caveat,Observed rotation from Corbelli et al. 2014 Table 1. Baryonic velocity components derived from Table 1 surface densities using Phase 1D-D1 axisymmetric disk-gravity calculation. Fig. 12 corrected sanity check status: PASS_WITH_CAVEAT; stellar disk offset ~7-10 km/s at some spot-check radii. Fig. 12 digitization is not used as canonical data. Bulge set to zero following Corbelli et al. 2014 no-separate-bulge treatment.
M33,10.02,10729.586150898234,1070.8169811275684,positive,1528.9693796026295,424.01734808203446,False,corbelli_et_al_2014,derived_baryonic_velocity_pass_with_caveat,Observed rotation from Corbelli et al. 2014 Table 1. Baryonic velocity components derived from Table 1 surface densities using Phase 1D-D1 axisymmetric disk-gravity calculation. Fig. 12 corrected sanity check status: PASS_WITH_CAVEAT; stellar disk offset ~7-10 km/s at some spot-check radii. Fig. 12 digitization is not used as canonical data. Bulge set to zero following Corbelli et al. 2014 no-separate-bulge treatment.
M33,10.51,11369.796420551002,1081.8074615176977,positive,937.910889773264,1872.6430637529993,False,corbelli_et_al_2014,derived_baryonic_velocity_pass_with_caveat,Observed rotation from Corbelli et al. 2014 Table 1. Baryonic velocity components derived from Table 1 surface densities using Phase 1D-D1 axisymmetric disk-gravity calculation. Fig. 12 corrected sanity check status: PASS_WITH_CAVEAT; stellar disk offset ~7-10 km/s at some spot-check radii. Fig. 12 digitization is not used as canonical data. Bulge set to zero following Corbelli et al. 2014 no-separate-bulge treatment.
M33,10.99,11646.657294805207,1059.750436288008,positive,-274.302367536935,1428.5841057738494,False,corbelli_et_al_2014,derived_baryonic_velocity_pass_with_caveat,Observed rotation from Corbelli et al. 2014 Table 1. Baryonic velocity components derived from Table 1 surface densities using Phase 1D-D1 axisymmetric disk-gravity calculation. Fig. 12 corrected sanity check status: PASS_WITH_CAVEAT; stellar disk offset ~7-10 km/s at some spot-check radii. Fig. 12 digitization is not used as canonical data. Bulge set to zero following Corbelli et al. 2014 no-separate-bulge treatment.
M33,11.48,11086.523895292265,965.725077987131,positive,-425.64997668402975,174.10193651581272,False,corbelli_et_al_2014,derived_baryonic_velocity_pass_with_caveat,Observed rotation from Corbelli et al. 2014 Table 1. Baryonic velocity components derived from Table 1 surface densities using Phase 1D-D1 axisymmetric disk-gravity calculation. Fig. 12 corrected sanity check status: PASS_WITH_CAVEAT; stellar disk offset ~7-10 km/s at some spot-check radii. Fig. 12 digitization is not used as canonical data. Bulge set to zero following Corbelli et al. 2014 no-separate-bulge treatment.
M33,11.97,11229.520317654858,938.138706570999,positive,-103.68246975143848,42.71124950696225,False,corbelli_et_al_2014,derived_baryonic_velocity_pass_with_caveat,Observed rotation from Corbelli et al. 2014 Table 1. Baryonic velocity components derived from Table 1 surface densities using Phase 1D-D1 axisymmetric disk-gravity calculation. Fig. 12 corrected sanity check status: PASS_WITH_CAVEAT; stellar disk offset ~7-10 km/s at some spot-check radii. Fig. 12 digitization is not used as canonical data. Bulge set to zero following Corbelli et al. 2014 no-separate-bulge treatment.
M33,12.46,10984.915074935856,881.6143719852212,positive,-383.79295216720675,580.6685685498686,False,corbelli_et_al_2014,derived_baryonic_velocity_pass_with_caveat,Observed rotation from Corbelli et al. 2014 Table 1. Baryonic velocity components derived from Table 1 surface densities using Phase 1D-D1 axisymmetric disk-gravity calculation. Fig. 12 corrected sanity check status: PASS_WITH_CAVEAT; stellar disk offset ~7-10 km/s at some spot-check radii. Fig. 12 digitization is not used as canonical data. Bulge set to zero following Corbelli et al. 2014 no-separate-bulge treatment.
M33,12.95,10853.403224530995,838.1006350989186,positive,465.3727274274279,1267.5966500526145,False,corbelli_et_al_2014,derived_baryonic_velocity_pass_with_caveat,Observed rotation from Corbelli et al. 2014 Table 1. Baryonic velocity components derived from Table 1 surface densities using Phase 1D-D1 axisymmetric disk-gravity calculation. Fig. 12 corrected sanity check status: PASS_WITH_CAVEAT; stellar disk offset ~7-10 km/s at some spot-check radii. Fig. 12 digitization is not used as canonical data. Bulge set to zero following Corbelli et al. 2014 no-separate-bulge treatment.
M33,13.44,11440.98034781474,851.2634187362158,positive,858.4517648843521,461.9711103458752,False,corbelli_et_al_2014,derived_baryonic_velocity_pass_with_caveat,Observed rotation from Corbelli et al. 2014 Table 1. Baryonic velocity components derived from Table 1 surface densities using Phase 1D-D1 axisymmetric disk-gravity calculation. Fig. 12 corrected sanity check status: PASS_WITH_CAVEAT; stellar disk offset ~7-10 km/s at some spot-check radii. Fig. 12 digitization is not used as canonical data. Bulge set to zero following Corbelli et al. 2014 no-separate-bulge treatment.
M33,13.93,11694.68595411766,839.5323728727682,positive,918.1044155663858,110.95376161518232,False,corbelli_et_al_2014,derived_baryonic_velocity_pass_with_caveat,Observed rotation from Corbelli et al. 2014 Table 1. Baryonic velocity components derived from Table 1 surface densities using Phase 1D-D1 axisymmetric disk-gravity calculation. Fig. 12 corrected sanity check status: PASS_WITH_CAVEAT; stellar disk offset ~7-10 km/s at some spot-check radii. Fig. 12 digitization is not used as canonical data. Bulge set to zero following Corbelli et al. 2014 no-separate-bulge treatment.
M33,14.41,12323.616575078868,855.2128088187972,positive,755.433004874696,1046.1877318953561,False,corbelli_et_al_2014,derived_baryonic_velocity_pass_with_caveat,Observed rotation from Corbelli et al. 2014 Table 1. Baryonic velocity components derived from Table 1 surface densities using Phase 1D-D1 axisymmetric disk-gravity calculation. Fig. 12 corrected sanity check status: PASS_WITH_CAVEAT; stellar disk offset ~7-10 km/s at some spot-check radii. Fig. 12 digitization is not used as canonical data. Bulge set to zero following Corbelli et al. 2014 no-separate-bulge treatment.
M33,14.9,12416.24359491978,833.3049392563611,positive,-110.99081543111788,510.6028000662744,False,corbelli_et_al_2014,derived_baryonic_velocity_pass_with_caveat,Observed rotation from Corbelli et al. 2014 Table 1. Baryonic velocity components derived from Table 1 surface densities using Phase 1D-D1 axisymmetric disk-gravity calculation. Fig. 12 corrected sanity check status: PASS_WITH_CAVEAT; stellar disk offset ~7-10 km/s at some spot-check radii. Fig. 12 digitization is not used as canonical data. Bulge set to zero following Corbelli et al. 2014 no-separate-bulge treatment.
M33,15.39,12214.845575956371,793.6871719269897,positive,255.04226080974695,1782.8915884676157,False,corbelli_et_al_2014,derived_baryonic_velocity_pass_with_caveat,Observed rotation from Corbelli et al. 2014 Table 1. Baryonic velocity components derived from Table 1 surface densities using Phase 1D-D1 axisymmetric disk-gravity calculation. Fig. 12 corrected sanity check status: PASS_WITH_CAVEAT; stellar disk offset ~7-10 km/s at some spot-check radii. Fig. 12 digitization is not used as canonical data. Bulge set to zero following Corbelli et al. 2014 no-separate-bulge treatment.
M33,15.88,12666.185010513333,797.6187034328294,positive,1636.2429412671463,997.3406777877221,False,corbelli_et_al_2014,derived_baryonic_velocity_pass_with_caveat,Observed rotation from Corbelli et al. 2014 Table 1. Baryonic velocity components derived from Table 1 surface densities using Phase 1D-D1 axisymmetric disk-gravity calculation. Fig. 12 corrected sanity check status: PASS_WITH_CAVEAT; stellar disk offset ~7-10 km/s at some spot-check radii. Fig. 12 digitization is not used as canonical data. Bulge set to zero following Corbelli et al. 2014 no-separate-bulge treatment.
M33,16.37,13818.363658398175,844.1272851800961,positive,1232.436125041715,1317.1806880068546,False,corbelli_et_al_2014,derived_baryonic_velocity_pass_with_caveat,Observed rotation from Corbelli et al. 2014 Table 1. Baryonic velocity components derived from Table 1 surface densities using Phase 1D-D1 axisymmetric disk-gravity calculation. Fig. 12 corrected sanity check status: PASS_WITH_CAVEAT; stellar disk offset ~7-10 km/s at some spot-check radii. Fig. 12 digitization is not used as canonical data. Bulge set to zero following Corbelli et al. 2014 no-separate-bulge treatment.
M33,16.86,13873.972413054214,822.8927884373793,positive,345.4058670204322,1169.9336476785777,False,corbelli_et_al_2014,derived_baryonic_velocity_pass_with_caveat,Observed rotation from Corbelli et al. 2014 Table 1. Baryonic velocity components derived from Table 1 surface densities using Phase 1D-D1 axisymmetric disk-gravity calculation. Fig. 12 corrected sanity check status: PASS_WITH_CAVEAT; stellar disk offset ~7-10 km/s at some spot-check radii. Fig. 12 digitization is not used as canonical data. Bulge set to zero following Corbelli et al. 2014 no-separate-bulge treatment.
M33,17.35,14156.8614080782,815.957429860415,positive,85.90115031671303,1038.9727630901423,False,corbelli_et_al_2014,derived_baryonic_velocity_pass_with_caveat,Observed rotation from Corbelli et al. 2014 Table 1. Baryonic velocity components derived from Table 1 surface densities using Phase 1D-D1 axisymmetric disk-gravity calculation. Fig. 12 corrected sanity check status: PASS_WITH_CAVEAT; stellar disk offset ~7-10 km/s at some spot-check radii. Fig. 12 digitization is not used as canonical data. Bulge set to zero following Corbelli et al. 2014 no-separate-bulge treatment.
M33,17.84,13958.155540364594,782.4078217693159,positive,-672.7874408079042,298.3434078686601,False,corbelli_et_al_2014,derived_baryonic_velocity_pass_with_caveat,Observed rotation from Corbelli et al. 2014 Table 1. Baryonic velocity components derived from Table 1 surface densities using Phase 1D-D1 axisymmetric disk-gravity calculation. Fig. 12 corrected sanity check status: PASS_WITH_CAVEAT; stellar disk offset ~7-10 km/s at some spot-check radii. Fig. 12 digitization is not used as canonical data. Bulge set to zero following Corbelli et al. 2014 no-separate-bulge treatment.
M33,18.32,13509.548351799564,737.4207615611116,positive,338.73738151571524,192.7078781218097,False,corbelli_et_al_2014,derived_baryonic_velocity_pass_with_caveat,Observed rotation from Corbelli et al. 2014 Table 1. Baryonic velocity components derived from Table 1 surface densities using Phase 1D-D1 axisymmetric disk-gravity calculation. Fig. 12 corrected sanity check status: PASS_WITH_CAVEAT; stellar disk offset ~7-10 km/s at some spot-check radii. Fig. 12 digitization is not used as canonical data. Bulge set to zero following Corbelli et al. 2014 no-separate-bulge treatment.
M33,18.81,14312.462792524322,760.896480197997,positive,-906.1942850907126,1667.5562862999216,False,corbelli_et_al_2014,derived_baryonic_velocity_pass_with_caveat,Observed rotation from Corbelli et al. 2014 Table 1. Baryonic velocity components derived from Table 1 surface densities using Phase 1D-D1 axisymmetric disk-gravity calculation. Fig. 12 corrected sanity check status: PASS_WITH_CAVEAT; stellar disk offset ~7-10 km/s at some spot-check radii. Fig. 12 digitization is not used as canonical data. Bulge set to zero following Corbelli et al. 2014 no-separate-bulge treatment.
M33,19.3,12621.477952410649,653.9625882078057,positive,-1295.4677790582027,5209.556347669352,False,corbelli_et_al_2014,derived_baryonic_velocity_pass_with_caveat,Observed rotation from Corbelli et al. 2014 Table 1. Baryonic velocity components derived from Table 1 surface densities using Phase 1D-D1 axisymmetric disk-gravity calculation. Fig. 12 corrected sanity check status: PASS_WITH_CAVEAT; stellar disk offset ~7-10 km/s at some spot-check radii. Fig. 12 digitization is not used as canonical data. Bulge set to zero following Corbelli et al. 2014 no-separate-bulge treatment.
M33,19.79,13042.904369047266,659.0654052070372,positive,4199.170935625212,3085.4755561834686,True,corbelli_et_al_2014,derived_baryonic_velocity_pass_with_caveat,Observed rotation from Corbelli et al. 2014 Table 1. Baryonic velocity components derived from Table 1 surface densities using Phase 1D-D1 axisymmetric disk-gravity calculation. Fig. 12 corrected sanity check status: PASS_WITH_CAVEAT; stellar disk offset ~7-10 km/s at some spot-check radii. Fig. 12 digitization is not used as canonical data. Bulge set to zero following Corbelli et al. 2014 no-separate-bulge treatment.
M33,20.28,16736.665469323383,825.2793623926717,positive,1728.2982660015405,6570.593209959176,False,corbelli_et_al_2014,derived_baryonic_velocity_pass_with_caveat,Observed rotation from Corbelli et al. 2014 Table 1. Baryonic velocity components derived from Table 1 surface densities using Phase 1D-D1 axisymmetric disk-gravity calculation. Fig. 12 corrected sanity check status: PASS_WITH_CAVEAT; stellar disk offset ~7-10 km/s at some spot-check radii. Fig. 12 digitization is not used as canonical data. Bulge set to zero following Corbelli et al. 2014 no-separate-bulge treatment.
M33,20.77,14736.636669728818,709.5154872281569,positive,-2240.0104101347733,3870.785419077556,False,corbelli_et_al_2014,derived_baryonic_velocity_pass_with_caveat,Observed rotation from Corbelli et al. 2014 Table 1. Baryonic velocity components derived from Table 1 surface densities using Phase 1D-D1 axisymmetric disk-gravity calculation. Fig. 12 corrected sanity check status: PASS_WITH_CAVEAT; stellar disk offset ~7-10 km/s at some spot-check radii. Fig. 12 digitization is not used as canonical data. Bulge set to zero following Corbelli et al. 2014 no-separate-bulge treatment.
M33,21.26,14541.455267391317,683.9819034520845,positive,-2065.0714446944367,1534.7642324804433,False,corbelli_et_al_2014,derived_baryonic_velocity_pass_with_caveat,Observed rotation from Corbelli et al. 2014 Table 1. Baryonic velocity components derived from Table 1 surface densities using Phase 1D-D1 axisymmetric disk-gravity calculation. Fig. 12 corrected sanity check status: PASS_WITH_CAVEAT; stellar disk offset ~7-10 km/s at some spot-check radii. Fig. 12 digitization is not used as canonical data. Bulge set to zero following Corbelli et al. 2014 no-separate-bulge treatment.
M33,21.74,12766.512057979391,587.2360652244431,positive,-3691.2821431220364,1951.6881414654624,True,corbelli_et_al_2014,derived_baryonic_velocity_pass_with_caveat,Observed rotation from Corbelli et al. 2014 Table 1. Baryonic velocity components derived from Table 1 surface densities using Phase 1D-D1 axisymmetric disk-gravity calculation. Fig. 12 corrected sanity check status: PASS_WITH_CAVEAT; stellar disk offset ~7-10 km/s at some spot-check radii. Fig. 12 digitization is not used as canonical data. Bulge set to zero following Corbelli et al. 2014 no-separate-bulge treatment.
M33,22.23,10961.04327030305,493.0743711337404,positive,-64.02898323064983,7395.769750604081,False,corbelli_et_al_2014,derived_baryonic_velocity_pass_with_caveat,Observed rotation from Corbelli et al. 2014 Table 1. Baryonic velocity components derived from Table 1 surface densities using Phase 1D-D1 axisymmetric disk-gravity calculation. Fig. 12 corrected sanity check status: PASS_WITH_CAVEAT; stellar disk offset ~7-10 km/s at some spot-check radii. Fig. 12 digitization is not used as canonical data. Bulge set to zero following Corbelli et al. 2014 no-separate-bulge treatment.
M33,22.72,12703.763654413327,559.1445270428402,positive,3556.572212469967,7388.982032042099,True,corbelli_et_al_2014,derived_baryonic_velocity_pass_with_caveat,Observed rotation from Corbelli et al. 2014 Table 1. Baryonic velocity components derived from Table 1 surface densities using Phase 1D-D1 axisymmetric disk-gravity calculation. Fig. 12 corrected sanity check status: PASS_WITH_CAVEAT; stellar disk offset ~7-10 km/s at some spot-check radii. Fig. 12 digitization is not used as canonical data. Bulge set to zero following Corbelli et al. 2014 no-separate-bulge treatment.
